version,date,run_id,item_id,url_key,source_url,title,vertical,model_id,attempt,hhem,hhem_full,hhem_delta,truncation_flagged,coverage,compression,extractiveness,verbatim_run,unsupported_numbers,hedge_dropped,extraction_suspect,band,source_word_count,source_seen_word_count,summary_word_count,pipeline_fingerprint,output_digest,determinism_violation,scorer_version,scored_at,score_ms,evidential_density,speculative_density,self_repetition,source_digest,new_fact_rate
2026-09-13T22:00,2026-09-22,2026-09-22-35765182792,ai-g115yhvj572sfan4,80425f477229c597aaa42c0c2e9c1262e882ca7c854b1f6454b52874beaa9872,https://developer.nvidia.com/blog/enabling-private-high-performance-production-ai-inference-with-nvidia-confidential-computing,Enabling Private High-Performance Production AI Inference with NVIDIA Confidential Computing,ai,qwen3-5-9b-q4-k-m,1,0.9320381283760071,0.9320381283760071,0.0,False,0.7142857142857143,0.09267241379310345,0.08433734939759036,0.06976744186046512,0,False,False,high,931,931,86,,c3e13b86924e5f10142cd5fa934ad9543c95ba2bd36afd09829f2262f3179b20,False,hhem-2.1-open@8e4a2e6e;weights-841b70e0;metrics-3;window=900/150/anchored;bands=0.80/0.50;lead=0.30,2026-09-22T20:12:13Z,7499,0.0,0.003232758620689655,0.0,40ff09f76398fa27b3b8e938c17d2c8612e9fd391d0bb378734f2b15b7ee2a7e,1.0
2026-09-13T22:00,2026-09-22,2026-09-22-35765182792,ai-v4xa6bxjfm7stfe4,d93aa32fb27d0f9d3dc46f85167740f035ea50042e9c918e568c0c8aff7771f4,https://bleepingcomputer.com/news/security/eviltokens-phaas-disrupted-after-compromising-12-000-microsoft-accounts,"EvilTokens PhaaS disrupted after compromising 12,000 Microsoft accounts",ai,qwen3-5-9b-q4-k-m,1,0.8528408408164978,0.8528408408164978,0.0,False,0.6153846153846154,0.12278481012658228,0.10638297872340426,0.061855670103092786,0,False,False,high,784,784,97,,8ed6c2e218313ffbea2b937f824044586a13c67d6747d4529b049d3ec488cdf8,False,hhem-2.1-open@8e4a2e6e;weights-841b70e0;metrics-3;window=900/150/anchored;bands=0.80/0.50;lead=0.30,2026-09-22T20:22:51Z,2900,0.0,0.0,0.0,80aec75cdfc3d97b0b069cd2723f54747bbeb5eeff6786867669c95a58428560,1.0
2026-09-13T22:00,2026-09-22,2026-09-22-35765182792,ai-pb2c66ynqn3ydzm6,b2c4c31bd5bd47e6fe8679f65f9b5d7e1672ea3c33fa4c7c771493b1861d566b,https://databricks.com/blog/genie-one-mcp-now-generally-available,The Genie One MCP is now Generally Available,ai,qwen3-5-9b-q4-k-m,1,0.9423297643661499,0.9423297643661499,0.0,False,0.875,0.11180124223602485,0.06666666666666667,0.07407407407407407,0,False,False,high,963,963,108,,31abdcee1e2588736c52f663042248cb410ef1b2eb7c71ed43a2d31f60cc7566,False,hhem-2.1-open@8e4a2e6e;weights-841b70e0;metrics-3;window=900/150/anchored;bands=0.80/0.50;lead=0.30,2026-09-22T20:29:09Z,6005,0.0,0.002070393374741201,0.0,14e52403f7cee58237ab1af08816f9cd371acbf9f7e952588c18ebd7282d93ec,1.0
2026-09-13T22:00,2026-09-22,2026-09-22-35765182792,ai-x7v3n8fqnag2yg14,e9f63aa1f7aaa02f4024a14154a47668586b26d73f72e5b77e702319146aa96f,https://huggingface.co/blog/evaleval-aisi,How UK AISI and EvalEval Are Making Benchmark Results Reproducible,ai,qwen3-5-9b-q4-k-m,1,0.96297287940979,0.96297287940979,0.0,False,0.42857142857142855,0.10256410256410256,0.1076923076923077,0.07352941176470588,0,False,False,high,668,668,68,,78f592f30e265df011a6c7152ff1c37b38ca9c66c57cac168c018d968a3901a9,False,hhem-2.1-open@8e4a2e6e;weights-841b70e0;metrics-3;window=900/150/anchored;bands=0.80/0.50;lead=0.30,2026-09-22T18:31:47Z,1912,0.0,0.004524886877828055,0.0,85ba5da97eaf3c01746bfcd238ab8f3cea47232c587727f99a91312e46bfbe12,1.0
2026-09-13T22:00,2026-09-22,2026-09-22-35765182792,ai-62s1evb0jmccq8nt,30b2176d609518cba2ba87777aa02534efb430bdafbb987074cc0174b106a855,https://bleepingcomputer.com/news/security/new-closedquorum-windows-malware-uses-ai-for-attack-decisions,New ClosedQuorum Windows malware uses AI for attack decisions,ai,qwen3-5-9b-q4-k-m,1,0.9508441686630249,0.9508441686630249,0.0,False,0.8888888888888888,0.17857142857142858,0.18055555555555555,0.10666666666666667,0,False,False,high,426,426,75,,b792e01e741fb6cda3b4ce2dc18619fa3f988abe947b0b145c9a69b2a10c4214,False,hhem-2.1-open@8e4a2e6e;weights-841b70e0;metrics-3;window=900/150/anchored;bands=0.80/0.50;lead=0.30,2026-09-22T18:40:04Z,1276,0.0,0.004761904761904762,0.0,61f17a338c680468a108deab6d2f86eb21dcb0450c6172bd43d47b496da91048,1.0
2026-09-13T22:00,2026-09-22,2026-09-22-35765182792,energy-15mdqzphatkeqv6y,0968dbfed156a6ebecde6a2bd5fb7ae6732b713ebb05158272305c05d4db1fc9,https://electrek.co/2026/09/22/toyotas-15000-chinese-ev-spotted-overseas-rhd-images,"Toyota's popular $15,000 Chinese EV spotted testing overseas in RHD [Images]",energy,qwen3-5-9b-q4-k-m,1,0.965199887752533,0.965199887752533,0.0,False,0.6,0.1232876712328767,0.05,0.09523809523809523,0,False,False,high,503,503,63,,8e7c15662d3e1a36f00d8f41a0aa1df796e814bd6b26fed8596ac304ffeff5c3,False,hhem-2.1-open@8e4a2e6e;weights-841b70e0;metrics-3;window=900/150/anchored;bands=0.80/0.50;lead=0.30,2026-09-22T18:55:01Z,1425,0.005870841487279843,0.0019569471624266144,0.0,5997c9f5ab8d5121deef9028574781b04977c0e94daba09b941911652fe3cf3a,0.0
2026-09-13T22:00,2026-09-22,2026-09-22-35765182792,energy-r2zjxqq7vy70dqht,c0bf2edee7df8e06de3abeb1e48e6f2ea9f8ffa092aef40f26a323d24a17103e,https://oilprice.com/Latest-Energy-News/World-News/Indias-Russian-Oil-Imports-Slide-as-Refiners-Hunt-for-Alternatives.html,India's Russian Oil Imports Slide as Refiners Hunt for Alternatives,energy,qwen3-5-9b-q4-k-m,1,0.9545140266418457,0.9545140266418457,0.0,False,0.75,0.23529411764705882,0.35064935064935066,0.2,0,False,False,high,336,336,80,,b7cb8f32b21f2c9137b89b56db6a136ee2ed42473c9d5ab4e81bfd4c921f6f8f,False,hhem-2.1-open@8e4a2e6e;weights-841b70e0;metrics-3;window=900/150/anchored;bands=0.80/0.50;lead=0.30,2026-09-22T19:07:36Z,788,0.0029411764705882353,0.011764705882352941,0.0,b1d847709e71b13f61db485ce53420dcf5514e4e233eadcbbc2c534ea660c9cf,1.0
2026-09-13T22:00,2026-09-22,2026-09-22-35765182792,business-economy-8vhqhwcq2efj6ehp,46e378f197139f233a36dfa12a5868b24ff8e96948e38ccd4055f0dec6b102fd,https://bazaar.businesstoday.in/trending/story/who-is-piyush-pratik-the-iit-delhi-graduate-playing-a-key-role-in-apple-foldable-iphone-duo-1453968-2026-09-22,"iPhone Duo ? ? ? ?, ? ? ? IIT Delhi ? ? ? ? ? ? ? ?",business-economy,qwen3-5-9b-q4-k-m,1,0.08231154829263687,0.08231154829263687,0.0,False,0.39285714285714285,0.4897959183673469,0.0,0.041666666666666664,0,False,False,low,640,640,48,,7a6419b541fb5fbba9ad6a2efd5310c7bb3d5ccb5eeea73ab18c656a740e69df,False,hhem-2.1-open@8e4a2e6e;weights-841b70e0;metrics-3;window=900/150/anchored;bands=0.80/0.50;lead=0.30,2026-09-22T19:17:05Z,2476,0.0,0.0,0.0,86ef6591cc54827a9d587bd8c9f12cceb617f2d031c304dbbb9d42e3af7b9641,1.0
2026-09-13T22:00,2026-09-22,2026-09-22-35765182792,business-economy-vbnb8yy8yh7kwv1b,daeab47bc8f44f3e6c2b539c3a98c6e194751fca885e69fb1267b41f4c3361a9,https://qz.com/altman-amodei-un-security-council-ai-safety-092226,Sam Altman and Dario Amodei are set to brief the UN Security Council on AI safety,business-economy,qwen3-5-9b-q4-k-m,1,0.907777726650238,0.907777726650238,0.0,False,0.9166666666666666,0.8072289156626506,0.953125,0.6716417910447762,0,False,False,high,82,82,67,,cf0cfc6d70bd79d16f831fb7dab2f9b6aba3af3fe9db8b8155f4a172784b03f5,False,hhem-2.1-open@8e4a2e6e;weights-841b70e0;metrics-3;window=900/150/anchored;bands=0.80/0.50;lead=0.30,2026-09-22T19:23:17Z,281,0.012048192771084338,0.012048192771084338,0.0,786b45d4579f45033b0a04579b6a5ce9fcf2332b7832919897736e218d204e7d,0.0
2026-09-13T22:00,2026-09-22,2026-09-22-35765182792,business-economy-5bkxkvsc4n5em7eb,2ae7d9ef2c254aea1dcba1bdaf11286c9f1521a7912b31a5a3142747ad142040,https://bbc.co.uk/news/articles/cj62e1wrpx73o?at_campaign=rss&at_medium=RSS,Davey promises tax cuts for millions if UK rejoins EU single market,business-economy,qwen3-5-9b-q4-k-m,1,0.9635054469108582,0.9635054469108582,0.0,False,0.6363636363636364,0.09937888198757763,0.26881720430107525,0.08333333333333333,0,False,False,high,971,971,96,,09722c10e77d4301e53d293856afeff082676d0c6dbb8ff10901a0cf7bbe4a8b,False,hhem-2.1-open@8e4a2e6e;weights-841b70e0;metrics-3;window=900/150/anchored;bands=0.80/0.50;lead=0.30,2026-09-22T20:44:49Z,6323,0.0010351966873706005,0.016563146997929608,0.0,d7ad884f28f545cb551f47c77a9e925ea7c93a2ff6692e024c4114782ab70e20,1.0
2026-09-13T22:00,2026-09-22,2026-09-22-35765182792,world-7ax2x8rg9mwmwwc2,3aba2ea3104d394e7182814e72632174ebee016b5065cec28fdf9cd8db654bcb,https://theguardian.com/politics/2026/sep/22/donald-trump-praises-natual-businessman-andy-burnham-after-first-meeting,Donald Trump praises 'natural businessperson' Andy Burnham after first meeting,world,qwen3-5-9b-q4-k-m,1,0.9572596549987793,0.9572596549987793,0.0,False,0.9,0.13744075829383887,0.36363636363636365,0.13793103448275862,0,True,False,medium,415,415,58,,a742d08b869af7d1c1743a9a88ae4b9293960bfdacffeb98096b39bae0061427,False,hhem-2.1-open@8e4a2e6e;weights-841b70e0;metrics-3;window=900/150/anchored;bands=0.80/0.50;lead=0.30,2026-09-22T19:28:41Z,934,0.002369668246445498,0.002369668246445498,0.0,a47318b36c5f1403d23562f206414af7f70067ddfc9133c6787084b1f202ba7a,1.0
2026-09-13T22:00,2026-09-22,2026-09-22-35765182792,world-1v0a0yfy3g9mmzfj,0ec0a079fe1c134a7df2a1f3714e1dfb7fbfc09f91dcb54bfbbf0c2a30c8acd4,https://aa.com.tr/en/world/trump-praises-takaichi-as-one-of-the-great-prime-ministers-in-new-york/4065164,Trump praises Takaichi as 'one of the great prime ministers' in New York,world,qwen3-5-9b-q4-k-m,1,0.9619231820106506,0.9619231820106506,0.0,False,0.5833333333333334,0.33181818181818185,0.37142857142857144,0.1643835616438356,0,False,False,high,216,216,73,,f51f765e741dcaaaaaaf44901736892e7338d1c706bffb8dd589a0398c4725a2,False,hhem-2.1-open@8e4a2e6e;weights-841b70e0;metrics-3;window=900/150/anchored;bands=0.80/0.50;lead=0.30,2026-09-22T19:31:57Z,604,0.0,0.004545454545454545,0.0,c53cb5942606d43f125c3ae31055886c406ed22cee72f1f1b321f06433e86469,1.0
2026-09-13T22:00,2026-09-22,2026-09-22-35765182792,world-zdxgktmee17689jx,fb7b09ea8e704e64265d9bc1bfd827664673d66385535d129820bf29063214da,https://english.elpais.com/lifestyle/2026-09-22/vips-have-become-regular-clients-theres-no-eccentricity-anymore-the-return-of-manumission-the-wild-party-that-revolutionized-ibiza.html,"'VIPs have become regular clients. There's no eccentricity anymore': The return of Manumission, the wild party that revolutionized Ibiza",world,qwen3-5-9b-q4-k-m,1,0.7266300320625305,0.7266300320625305,0.0,False,0.3333333333333333,0.053854875283446714,0.06521739130434782,0.05263157894736842,0,False,False,medium,1725,1725,95,,f0c1bc68187620ff5a310e2a7619f39b74127ed5ff7dcb5e7e988cb29e89b1a3,False,hhem-2.1-open@8e4a2e6e;weights-841b70e0;metrics-3;window=900/150/anchored;bands=0.80/0.50;lead=0.30,2026-09-22T20:57:45Z,9311,0.0,0.003968253968253968,0.0,cc9a98bed29ee08dc795d37f13bfeb25664dafcadcd61810967d12f803ab7410,0.0
2026-09-13T22:00,2026-09-22,2026-09-22-35765182792,world-jvjpf1q0wrwx35pr,96e56786e0e639d196d89051bebb434543acee87154877c674426b21bb79f2e0,http://africanews.com/2026/09/22/trump-threatens-to-annihilate-iran-attacks-icc-in-un-speech,"Trump threatens to 'annihilate' Iran, attacks ICC in UN speech",world,qwen3-5-9b-q4-k-m,1,0.9464280009269714,0.9464280009269714,0.0,False,0.5714285714285714,0.3076923076923077,0.08695652173913043,0.06944444444444445,0,False,False,high,236,236,72,,a218f42f0af73b49ec018ffff172e42377c39ad71efda3c0208cd6e66ba86827,False,hhem-2.1-open@8e4a2e6e;weights-841b70e0;metrics-3;window=900/150/anchored;bands=0.80/0.50;lead=0.30,2026-09-22T19:35:39Z,553,0.0,0.004273504273504274,0.0,7a7b5e691ed6889737f9fbc85fae33d288775ea30447ba798c6c8e7a756a8371,1.0
2026-09-13T22:00,2026-09-22,2026-09-22-35765182792,india-qgh0fe8awv56j18p,bc2207b90ae6ca690516d6367b342a513c27d95adc15dfb9667ab7aedb12623b,https://thehindu.com/business/rbi-absorbs-71971-crore-liquidity-from-banks/article71496673.ece,"RBI absorbs ?71,971 crore liquidity from banks",india,qwen3-5-9b-q4-k-m,1,0.9416635036468506,0.9416635036468506,0.0,False,0.875,0.6289308176100629,0.3402061855670103,0.11,0,False,False,high,158,158,100,,c8897577aaa263a3e2581bf3fcaacec80193c16e58b53ba357435176a26c62a4,False,hhem-2.1-open@8e4a2e6e;weights-841b70e0;metrics-3;window=900/150/anchored;bands=0.80/0.50;lead=0.30,2026-09-22T19:40:01Z,485,0.006289308176100629,0.006289308176100629,0.0,16b46c0b62dd310c6312bc91dc9eee24f8e3a4be681d38a1f2be996676b6b564,1.0
2026-09-13T22:00,2026-09-22,2026-09-22-35765182792,india-5gttqdf9qe00fqdd,2c35abb5e9bb8007ddadfad936bc8e8564dc31fedae2b9e1c1c94cfb730a8fc1,https://deccanchronicle.com/business/sebi-settles-proceedings-against-five-adani-group-firms-1989607,Sebi Settles Proceedings Against Five Adani Group Firms,india,qwen3-5-9b-q4-k-m,1,0.9229950308799744,0.9229950308799744,0.0,False,0.625,0.33653846153846156,0.2537313432835821,0.12857142857142856,0,False,False,high,211,211,70,,67b9be21cf6e20342841736252310294cac5dc80995b115a742a1e678c881c52,False,hhem-2.1-open@8e4a2e6e;weights-841b70e0;metrics-3;window=900/150/anchored;bands=0.80/0.50;lead=0.30,2026-09-22T19:45:05Z,545,0.019230769230769232,0.0,0.0,ed9101e21867c2dcc254bd664574734c060067070425a8f9803ef7b4394f4f87,1.0
2026-09-13T22:00,2026-09-22,2026-09-22-35765182792,india-d3pz10gs53qzh1z6,68edf0821928eff887e64b78899aa5e2ef89918d32fef47bfd952bc275c84e24,https://thehindu.com/business/phonepe-secures-uae-central-bank-approval-for-two-payment-licences/article71496967.ece,PhonePe secures UAE central bank approval for two payment licences,india,qwen3-5-9b-q4-k-m,1,0.9684565663337708,0.9684565663337708,0.0,False,0.75,0.4,0.3263157894736842,0.11224489795918367,0,False,False,high,244,244,98,,97d7cfb648b2a20240dca6a0e8e82ecf9d5dad746a7c183aca265c6102b3e09d,False,hhem-2.1-open@8e4a2e6e;weights-841b70e0;metrics-3;window=900/150/anchored;bands=0.80/0.50;lead=0.30,2026-09-22T19:49:36Z,678,0.0,0.004081632653061225,0.0,761a951de8c6c8b2fbf4fdb3919351156be992662442cce9bba35de5bfef44eb,1.0
2026-09-13T22:00,2026-09-22,2026-09-22-35765182792,india-gh90zdp5d6jxjzda,84520fb6c569a5d97daa191592c0111075c7e51475f657f81b777bff98ae1f26,https://indiatoday.in/india/law-news/story/cancer-drug-prices-supreme-court-daylight-robbery-rs-27000-markup-3000675-2026-09-22,"Rs 2,700 cancer drug selling for Rs 27,000: Supreme Court calls it daylight robbery",india,qwen3-5-9b-q4-k-m,1,0.974020779132843,0.974020779132843,0.0,False,0.8888888888888888,0.31561461794019935,0.5108695652173914,0.1368421052631579,0,False,False,high,301,301,95,,f8cd58700f1cdea07ed16adf064dde096311a94e96db583ef77a2178f3876d4e,False,hhem-2.1-open@8e4a2e6e;weights-841b70e0;metrics-3;window=900/150/anchored;bands=0.80/0.50;lead=0.30,2026-09-22T19:54:49Z,745,0.013289036544850499,0.0033222591362126247,0.0,9ba3352f97f3f32a2c634e4afb1c584f5ce92e003d6be74d822afd45196c1cb9,1.0
2026-09-13T22:00,2026-09-22,2026-09-22-35765182792,india-sqxzv9eq5t1sc309,cdfbfda5d72e83960c094e96b68f279a20fd0f1b5f4e8db56e9865c6ea8fa22d,https://timesofindia.indiatimes.com/city/delhi/safety-security-paramount-lady-shri-ram-college-cancels-classes-goes-online-after-kalkaji-mandir-gang-rape-case/articleshow/134417900.cms,Kalkaji rape case: DU's LSR college shifts classes online amid safety concerns,india,qwen3-5-9b-q4-k-m,1,0.9389491081237793,0.9389491081237793,0.0,False,0.375,0.1359447004608295,0.14285714285714285,0.15254237288135594,0,True,False,medium,434,434,59,,00609ae1ad05115bc7804dfcd9b4b713768d5b70638a5afaec4e1ca0c724538e,False,hhem-2.1-open@8e4a2e6e;weights-841b70e0;metrics-3;window=900/150/anchored;bands=0.80/0.50;lead=0.30,2026-09-22T20:00:56Z,1026,0.020737327188940093,0.0069124423963133645,0.0,9750a13360fff3b8d85a6fa784f684acb89845d5fdef76fc596c7bced37b3572,1.0
