version,url_key,published_on,item_id
2026-08-26,0600471a7eba1ecbe8d43353a9bf4eb45407a840c6d48969a92ce07a26395c2d,2026-09-03,ai-3348416203
2026-08-26,6f1c4a7a7c68a392d91ba848ccd3f3a59d97452994ef6d356ecef2ce09e39142,2026-09-03,ai-7491597202
2026-08-26,70fb737b9a8286a41c263babbfe9df21079279b3df6022ca5e007bd7929b9a41,2026-09-03,ai-6112720548
2026-08-26,2be0d4d3986f0deb2268697d9de51315ef7360ade29ba638d85d08cf7c7421a7,2026-09-03,ai-3674691051
2026-08-26,2ab7cfd2b22039bb7cd8a05b78cdcce7cb84fd83b3a3fd1101e88cca0d9333f8,2026-09-03,ai-4169561531
2026-08-26,b2a88b1bbb68edc1fb50b74a072fb35c3ec9d6b704dc33a9d2e7000cb1eb08f6,2026-09-03,ai-6063156673
2026-08-26,d2d42707c49f7c25cc285776e6e8837dd9d53b4cb9589c3fb4b3da829cc6440b,2026-09-03,ai-7344566309
2026-08-26,1cbdd7350a50c97b33a9adb466a49b4276b52a70dd3bcc00fe96d0d389c0248f,2026-09-03,ai-6466601339
2026-08-26,2990c4d53de688f678b1a74b3264d503f1fa7ad6cc02565147bdacb68f0cf9d3,2026-09-03,ai-2346976502
2026-08-26,aa9319e9f6d345fb7c37b44a3ee622cde63fb206f0ae80e6aadbad40d9a602a2,2026-09-03,ai-0683331067
2026-08-26,6b0d8d8dee5a36d7a99a406afaa2cf50ffb45c4d2330c6eb6720283592691f8d,2026-09-03,ai-7484322519
2026-08-26,f5ee464da606139d349298232a7730e629e3c7dccb6be2b77bbf98902676c75c,2026-09-03,ai-3061322653
2026-08-26,97f1544eb59ca7ea55af901d2cbabce1555abcce7f770909d7deb4f440347dd1,2026-09-03,ai-6145511402
2026-08-26,bfec9b7350669212605079e0707c90d263b229c2a95716facd58632b1f27c833,2026-09-03,energy-5320394258
2026-08-26,1e09bb35c161833a0f0c7c58beb6d1f2f36f385634eed583a8eb2f1a01bfb6be,2026-09-03,energy-5480288058
2026-08-26,195fea7f19cb71390bf2d2ad1a29bfd26208ed8c3642316e1fa04dab52a20221,2026-09-03,energy-5350220089
2026-08-26,cea17124414ea71f61e7db858eafad4b0ead93e824c53c67912327dce99535ca,2026-09-03,energy-3592005407
2026-08-26,e8afe3f67d0cfac49fbce99b25c6b880a78ee3bab97853c717ac357c35d26e53,2026-09-03,energy-5523108548
2026-08-26,a2527ffb9b5d9d09bc2c8c13f2d3655564174b363c45400d67f3f623a60bcb58,2026-09-03,energy-0854721801
2026-08-26,30f8cef7b2985e9158ca1650dd33de585fac584cf74458393c1541d91b8e6638,2026-09-03,energy-1293357713
2026-08-26,4e8929035222c114c9ff5736c92ee72de70385dcb00b1477419784adf69989cb,2026-09-03,energy-1007388948
2026-08-26,11cef22001caab7569fa8c1ea45bf0a8e81836fd0b91bd1d9b140c65094be687,2026-09-03,energy-3130104693
2026-08-26,50f12bb346235f4b9e9820733e5cdede61d9ea9ef664a100a631b637ed94e431,2026-09-03,energy-1397366603
2026-08-26,27f21e22ea94ad1e5d5287e858ca3172a6d188b2cbb41eb295cb2764ae56aa4c,2026-09-03,energy-7156501790
2026-08-26,09793a369b92708f16668ed30ad4952633875f0e6073e63f0fded7bbbc938e63,2026-09-03,energy-4736051343
2026-08-26,364f847e602bd7b33e9218b0fb4157e2ce032f9fc6304a9c2abd8a67fdbfc11b,2026-09-03,energy-9522482099
2026-08-26,dc73f769709ce80ed3c1b77fc48362ebb5c7f4235b3e3b4ac2504d45f5b3e298,2026-09-03,energy-2898829326
2026-08-26,e6b1940544ec508222596db8b4c10fd1a28d522080df8a31550d0691ed9fa62c,2026-09-03,energy-9953296514
2026-08-26,021b445fe6a4e49ccd1daf6b88584c51605ca79dd65d0d4b8b715ab83b9cee60,2026-09-03,energy-1129191580
2026-08-26,91cf737e99bb481b279b3964d754be641fb2c0ac86d5041e828cd1badbd2de34,2026-09-03,energy-3260917787
2026-08-26,388975f019b16c9b2576b4a922a6a0c621a10e68ef3f7412218a8c93db52238a,2026-09-03,energy-2016983195
2026-08-26,bb7bb0bfc25d58e671bae521b5c988217fde8bd01469254d5d83d7529f96e0ad,2026-09-03,energy-4874074342
2026-08-26,61ef65424565f83aeaa18f8ef23f3b539a7e2bb2ae04113fbefa584a4b8a004e,2026-09-03,energy-6419414074
2026-08-26,1f536ea1a4d5a35cb6ad4b2bd7814a0ecd73721939c01e67f2e03e2b7a24f04e,2026-09-03,energy-8777004892
2026-08-26,33c1e41af21ebe263be8c0adf289510ffc554c2162b8e14dc43935cca9c80e78,2026-09-03,business-economy-0821864998
2026-08-26,3b75c783614e1ee4c53793f6f3457469d0da258494b70b6563a7c96484b0e217,2026-09-03,business-economy-7600047844
2026-08-26,0b780e78c8c2a21ef01d4a9be3989ff92ca99ce0f224af4588130fab59bee165,2026-09-03,business-economy-3549549086
2026-08-26,24a7d5c8c19c9d74cd00b9b91dec84bcd3dade44ca2744227943af3e89cbf24d,2026-09-03,business-economy-4694527348
2026-08-26,5b6f4e640bf76eed8a8c3202e65c34f90ff0837d2343dd5145d5a0e5855f5a19,2026-09-03,business-economy-1470786285
2026-08-26,1e995bc2f9c42044ade0b420a253e65731dec16d9c4c89c7b25a4b24b83a0efa,2026-09-03,business-economy-5546731588
2026-08-26,0a69c1e70072d5241c96f4e07417132658a7a7855ce68dc604cf1a2dfa0dc81d,2026-09-03,business-economy-0823030052
2026-08-26,2aefd1f4e16005134c6ed979185649c822f6faf9b5781dbea785c449346eecc3,2026-09-03,business-economy-8710211859
2026-08-26,54c4d84f4339b522adcad43fa72b52ec0530671eb4fd24bd2a9df5bd3cb45864,2026-09-03,business-economy-9563106594
2026-08-26,3360d39875c51affdd882f757b763b21334a022edaafa4fb48fbedb93acafeeb,2026-09-03,business-economy-5462889215
2026-08-26,0319f40b00b458e60c4a4934e6992f85fa7aaa3fa2279844913a1f3f9b917d51,2026-09-03,business-economy-4625187046
2026-08-26,dea19cdcac5c262fbb8df9a7552eed076e0dded20ad54b14ea1f22d4d3f970c3,2026-09-03,business-economy-9268875823
2026-08-26,cbb974ad78307002d0feaec79f4532020d1a1a4adf40a6eb4af9f376c0d6896b,2026-09-03,business-economy-8785446914
2026-08-26,3722bbadd6d48a2d475d49ef21a1c7aaee3935d23f70ffcdcc81232904b8dc90,2026-09-03,world-6602188333
2026-08-26,8c1f0ee04ff5303a637e242e02f3d1495a8252d3744ac05dfc8abc5de22b908c,2026-09-03,world-6164873274
2026-08-26,66a094a352d920cb7765aa28b1085c8eb672c34c276624b27943bf97fa36979b,2026-09-03,world-7332895947
2026-08-26,e5518c44693d3fc946987c158155a5a3d5834ed818b0c7e9db61e2cae5615466,2026-09-03,world-3250346953
2026-08-26,aa4ba833e00c9561f2ff38c449542a101d315fc4a68a47d438ab91db0470fa64,2026-09-03,world-0456767841
2026-08-26,61ed2fa7e502fb84b5c8fc6ad5fc149814a61da71fa36937498b99f49d4d5afa,2026-09-03,world-9307657092
2026-08-26,b7ac8faf9d0952b8b09ee601ebfe07225fcc4a566125a72c6862b6de06495f45,2026-09-03,world-9351727800
2026-08-26,93afe448cce766b8cc49629d75a1c9e2e17afe41de8010b11605449374ffa39a,2026-09-03,world-5826266808
2026-08-26,91b1e708f6c5e91990abe256de6cdefcbe2db1893d81660baa9e696c3f6c5b23,2026-09-03,world-2063256857
2026-08-26,6dd711c8d3cdc25ff527adf4f73ac79375d814aab85be149d5961c91e57a82e5,2026-09-03,world-4371544671
2026-08-26,95b3d4acb4e63a6bea17fafc68910d0dbdded3095f45c8a7b0fa26950abdd661,2026-09-03,world-0716920427
2026-08-26,217a3cb267aaea6ff37d4baff8a8e24c23f3010ab2658bcfad5ff8f292ccac97,2026-09-03,world-7351421551
2026-08-26,cc613ff79734ecd170eb319cc2a1192e801b7da1a87a80982ab48d5881ca70b1,2026-09-03,world-9104532689
2026-08-26,e2e44fbb41484af8dd69ced274bc0ffde48e582819dd486fbce6e2091af519bf,2026-09-03,world-2934478584
2026-08-26,12753ca4cb4913324554aefbef385a4dd0e7fa12523bdf93fc9e0af0d1aa4f24,2026-09-03,world-3440716594
2026-08-26,b9ef16fc86373fec953507d7e5a2f8e6918df94c4e995ee87d7e2a1dd17150be,2026-09-03,world-0289852396
2026-08-26,a5453a46ed4b0bb189ada3bfc56c3758c95368b8ecfb2c7a820ccbd8589b0b76,2026-09-03,world-5954384817
2026-08-26,4687482526ac77bd7b408c6a9fde9f426a27d6df53683e7a86e752f3b7ddb0ed,2026-09-03,world-8910720957
2026-08-26,489221b5c30c728eb38983d06bcf79f8ab05a8c2512ac7f3a4f272707d6d30be,2026-09-03,world-1875737230
2026-08-26,d86508a519732a0213752c153ee83257b4b9e5b784c425adf38d8eb2f7894a05,2026-09-03,world-0029814274
2026-08-26,17f4ae23d64af1bd529f0fd2f240888f15f87942dfb8cc0cfe66f172de2c9e6f,2026-09-03,world-6132066749
2026-08-26,0dea0df7726c22c0621b6f7fd46c23e473bc7b14a9f404d8924dc8b11519ccb0,2026-09-03,world-3471129280
2026-08-26,df6ca879e41d9a2a38d9db12f8ee9cecd5e3228a4d1cf2235dfba9c34699bf96,2026-09-03,world-9414335018
2026-08-26,53ed4229dd5ffaee1bb2b00a17e553222e6eebd05bb536faa433937c24cd87d7,2026-09-03,world-2203591406
2026-08-26,82852ffb8da598be2467b80572745c88f88ff3186bce525cb1eb1b21c62cf5b9,2026-09-03,world-4292885694
2026-08-26,f2217f35af346a7a36ee8a40fca3d796c11ad8e393b13e0d9e636ed1704c9257,2026-09-03,world-9959454330
2026-08-26,fa78a5ed8c71767d73c2f0ca491a41075943c539b8224dea6eed3add3ab03c24,2026-09-03,world-6369341053
2026-08-26,74ed20579309c29842251b3174fc033b95fdaf5c50d534782e275e2b19bcc635,2026-09-03,world-8381200024
2026-08-26,f0f781835dd03032b746c220253cb315a930f017223ffc6f6d3fd6948b13db41,2026-09-03,world-9564860466
2026-08-26,b4bb449d2fb7b4d4dbdd1c38ccf4308f19a39462bdcbd666dfcec9a6d3c3d255,2026-09-03,world-9373043924
2026-08-26,bd80fd78f7c27982ba5758d582bd7f3536bd77c419d4e99d1c7a5d83f138f51c,2026-09-03,world-6181964162
2026-08-26,f7a9135c1d093a9e1d315cce2173c2a99666cee432f78f27776f7baf3a01554b,2026-09-03,world-4777364126
2026-08-26,d3de82f548e367f49d966dcea985fce2681dbb1e9ad2bf6da02439a07641a709,2026-09-03,world-6834021364
2026-08-26,53d404e05d286425c5adf2c73de68b73030cbec5ce23a000653e9ce6c43d7f7c,2026-09-03,world-1892791333
2026-08-26,ba018fbd27c06c6fd7bacae5e71eddca93667cc420d0d0fb8c84e221ccf79360,2026-09-03,india-8609819759
2026-08-26,2aff6ff240f2e3857c57d78e232448a153173f9112cc941c03836a0c342d30aa,2026-09-03,india-4916619141
2026-08-26,ab48f91c016a65ef4d1865515cdc0107d49ce4659cd97ee63dfed6b649173b1c,2026-09-03,india-7486994927
2026-08-26,5df0914fa17cd901077990c20d4eb90a7425d24a311d7d537d45110b0cf6ce6f,2026-09-03,india-1135613185
2026-08-26,c95db5e200cee9d16b4615acb6114c84c901f59b82a7365baaae6dcf51bc31eb,2026-09-03,india-6738402769
2026-08-26,232e174cde43d09cbdc072c696242e4353bae42dfe64de0953b53da374ff1cbf,2026-09-03,india-9170107548
2026-08-26,4bf2f47f80bb827bbe67d589cad82ae3cc026b8e2c69a3c95a6d4fea766c1947,2026-09-03,india-5666370171
2026-08-26,ce0f8f45852659200d2ca52b7edc29c0cec7b212800be26fa430bcaf23fb5a54,2026-09-03,india-5213212960
2026-08-26,bde1c0a63d156a50639fb2acc32cc500c4aaf4f3b880ca16a06c44e55d19105f,2026-09-03,india-3150195280
2026-08-26,e37a116350f22c92c67a73054a17243e092fb0f6a2978b1ea0a9218ec49c9cf1,2026-09-03,india-2025824402
2026-08-26,fd92a38028b669fa8cee3b15d3c93cc15f7defece746714fe68177e3ea2a62bb,2026-09-03,india-9029708282
2026-08-26,23df54594a719429e3a80b202cfee9dee03cc8ec0af21171b8722bb97b1f2410,2026-09-03,india-3611734057
2026-08-26,bb0cac20511abacc13bdf28bb5b7d1d31561449a5af2e349b0207265bfd059a5,2026-09-03,india-9612689100
2026-08-26,0ac4b0c75b3d8f72fd3cce01ca766d75052210b6ddaa9db70977fdd21c1cbd67,2026-09-03,india-6090309490
2026-08-26,39633837dbd7f2bbe4fed88d93c55ff191e39ec1943012fcb678c0f36317992b,2026-09-03,india-5418966715
2026-08-26,8ee39b73d1c23e010caee27b5e350b82873a306dc7569f37e073e4d049aac3a2,2026-09-03,india-4841798145
2026-08-26,30d45773e4fade4e5c65021cd028855f86bf1646f246c1d4ed6bdbc3310718a9,2026-09-03,india-4157701710
2026-08-26,5ba8ae797241a03c8da1d937c2026cca80a3d4be8a37eb1d52e87f741f84884a,2026-09-03,india-0170011708
2026-08-26,3b32a7f3f12fc269461351c2177dfabda6e08b23b556795936d9484f0dca52bc,2026-09-03,india-3238611561
2026-08-26,8df8497881b292766d1cf80293f799bd92931be50e24027ddcb8c0745e7dfe9b,2026-09-03,india-5492948598
2026-08-26,b60dd60538999398617fb427dcece7e4255b61f91dafb41283121291e888c352,2026-09-03,india-7512892312
2026-08-26,aa8cf5b77727e185e98e9b099f904c5e9cd4d418307af97d9b80d1511a1d9a62,2026-09-03,india-1514163589
2026-08-26,a2da40575fd1d71d6839fa58cd6d35fc754cd1eedc79ca346738e54b9cb409e5,2026-09-03,india-3081168669
2026-08-26,1dd177304c63bfac2c225736402a6ec3b0f1ecbc5a1cef73f2c90b1b840c0736,2026-09-03,india-6556178348
2026-08-26,f7d125d7b52342fa5d36050f30eea5401505b85b2cfe54c5fd95cfcf45f2b10b,2026-09-03,india-5887910650
2026-08-26,fc2dddad4bab1e8011e8e4d2031c974b88669282386468ecbcb85bd78cd8e4ff,2026-09-03,india-7878405760
2026-08-26,ce636e94829ec3f518f977b47aa53265867c7049d242d83b01dfc9505861f376,2026-09-03,india-8633167861
2026-08-26,2fb37d27b107371028269c3dacb54e3d0dd5827fb09cc4e3cc3fd5dd90422b93,2026-09-03,india-0041057040
2026-08-26,e1ecca2b892387e4c29e556290f210719716c15fe6c01f4e1b652fcbdc5a7d9a,2026-09-03,india-1370712036
2026-08-26,894db273ae9a18e6d0c8494e2fe2ed3abc65edc49868ee3957f7cee9fcc5f340,2026-09-03,india-6323165414
2026-08-26,82c2024bcd3d2e7e5bd105bafb12146634798c2d5b91f463e4ae738d458165a6,2026-09-03,india-5001640574
2026-08-26,32784663e886aa6bf62089fb9906a4a84706579f9859574686756abf2bbe6a23,2026-09-03,india-4018521707
2026-08-26,e36f8bd2c01bde240ac6b43c6519c09d67b9af6ecdc8671e0ded67288906ac9c,2026-09-03,india-6306969124
2026-08-26,22f590d70bbde5ba1ad5bf010a148ce7def73a00d5b26b477c011a3225a89cb2,2026-09-03,india-9873023418
2026-08-26,6a9b2faba763db309a455c97790a5a441a5c6cc136df3a2bd202c8482e8aad4d,2026-09-03,india-3704765232
2026-08-26,6190d7ff69c5d065db18c20b5c4f9cab3b1d677a96bcbcfe5ad26ff42abc36d1,2026-09-03,india-0316548197
2026-08-26,e432e7d4b6710285f91441f2c5524f45783db8dc00367570214f7affe238a4e2,2026-09-03,india-0263044741
2026-08-26,bf3f44b2c55fc881182829513b5d6231dea2e8142dcf309095a4d285aaf1f781,2026-09-03,india-9383263361
2026-08-26,1489809e374de1263a173a2af71784f86dc2ebe7d80b634602a42e55264eae27,2026-09-03,india-9588957478
2026-08-26,c728ed190f19387d90215aeb528876ea5b92db1a6e9b75d8b777a67fe93ded33,2026-09-03,india-4499361917
2026-08-26,129833604bc03b159c54b5d4ce04cca7ede6a653fbbb33f7e2ec5981a496203f,2026-09-03,india-7823488789
2026-08-26,32f84201083de4e00b746db855e81182e8eaa74827200dcfdd65e214a5808774,2026-09-03,india-8321314016
2026-08-26,497711ccda6e3d9e8820f59a5061130a9f6cef0e72188d4ceec426afcaad3df2,2026-09-03,ai-8532965790
2026-08-26,5dd243cb6f95a6576bc6f6e5934263ca595effdcc4e8ff2658147e576e12bb8b,2026-09-03,ai-1666036311
2026-08-26,cdd1118267ee925c63286ac83c83df800f6195e85e821a17d4745982cb7ef8b5,2026-09-03,ai-9694862940
2026-08-26,b5500bc6503561c622e234c790899474b8b24e1670dad4cceb0dbc466610f3db,2026-09-03,ai-5378914758
2026-08-26,48c844993acdc266aa670a84c26c42d1753c21145209ae35b826896446723127,2026-09-03,ai-0980190822
2026-08-26,34084c9e3377fa5560cd51dc58b8caa2d348afee3de191c0b9f967cea8a38aa6,2026-09-03,ai-2137982549
2026-08-26,c5d6708d44819aa21bf7942f2cc5d34fdf46cff20ba974aeec25df572ec6a4ab,2026-09-03,ai-2529927842
2026-08-26,518e88315af97266f6f6fb9ee3ac1250e8c34b748cf43e7f77ce5158b8995cdc,2026-09-03,ai-9326148198
2026-08-26,03e336300b637d96aa0b463a743d7cb7f187f83c7a463df5fe4bca5cad1eb3ae,2026-09-03,ai-1804502422
2026-08-26,7ecb97a948d1b0f82527543ac5799e0d68f7084c4b5e3ae64f5553b3d8789313,2026-09-03,ai-2378152184
2026-08-26,e081ac8775b84a509474263c75791c369d6d500d2a9f960d3402309baf86c491,2026-09-03,ai-4287106640
2026-08-26,fab95efcdf07585c14ce92f7de239e66e8d4bc53abbd361f5c46894c65c4bc7d,2026-09-03,ai-0340025436
2026-08-26,3bf46fc618e4c2ae86e6533ac99a4aa1bd99b582c7d6487ca618f6935d6ca77b,2026-09-03,ai-9167001262
2026-08-26,944e5cdcf394fd51b834591e35be2c576c5b4b2c3ca12d7346017cafb608c9b7,2026-09-03,energy-9845953873
2026-08-26,bfc4f07ab5d45d7ab646a25f4a5b885ff6788c88132122e9feea2ca29ae9bbdc,2026-09-03,energy-6506794362
2026-08-26,83100964b73cc23dc913b260c0e563b6f0d72f704ff954648f60c9b8327806c3,2026-09-03,energy-6771522109
2026-08-26,f0ceefccc0fce4d8618b160c83a4ee7049e8866ed1eb1d4202e3f485450cf3a1,2026-09-03,energy-6995265752
2026-08-26,162a9fbe5f1fa87d62535906307bc14761938cde1dc780f0b3ba725a980c8ea1,2026-09-03,energy-7844775037
2026-08-26,5bf2777b4ba612e171781bffcabd6522d7cca902cd6aa6f065929b5dfa45d155,2026-09-03,energy-3249278689
2026-08-26,acd98833f2c1edc342b9306145da578fd0ae7b755ac126695563a2175e9adffe,2026-09-03,energy-1167322563
2026-08-26,1d71c25590444a84053187502fce3ff59fa8803d6fdbd95ef21a1b51521d404a,2026-09-03,energy-2216617604
2026-08-26,7dccbe9b04d734b88febfe98e4ffc412f4c5ef797596d92a8447ebf0fe5706b4,2026-09-03,energy-3000386744
2026-08-26,27087b60137dfdd5935a19885629a68bc34e627a7fbe62f96b11d1b38b425e06,2026-09-03,energy-9866975701
2026-08-26,d4e7ebdb89ce73ba968a0733f6922bb159456de0b255e94ce266a336713c1a9c,2026-09-03,energy-3803257786
2026-08-26,fc654d02080d9c060237821164aa1190a085b257542d2341f83af9919a346001,2026-09-03,energy-1325999110
2026-08-26,aa9486d760118e34aca5d1965608b19434acb3b028ee76e15522c9cd42ddb53a,2026-09-03,energy-2588780084
2026-08-26,950dae6395b1003eb7d737c13a7168dec6030097af01607b8b435dec9f132db2,2026-09-03,energy-9084901438
2026-08-26,65db1f34888bcdd600ac9d961fa2f67f283c7cf0378591b9f4d87eef313e2fe0,2026-09-03,energy-8219979222
2026-08-26,7999e96ecf1d020f79004fbde0d2e70ecbb19508b96a9325e4708f55701624e3,2026-09-03,energy-2156469775
2026-08-26,60f4e9e114e19723270451ab0297b99558fedd40994ffe8bde42e4713571e0b1,2026-09-03,energy-4885723939
2026-08-26,b4d7a59ee6127676ce8e8a0972c1ca76919ba57be8520895a1e6534b47896d32,2026-09-03,energy-8703204982
2026-08-26,dd15ac6865f51d66ecb234cb684c0c2eee5ace7da1275657b43766fee87b88d8,2026-09-03,energy-1280136550
2026-08-26,bcc7c89f1e7d77e038aad9ad7d7f04e8369f819e1de033a2aa085013d8e38b69,2026-09-03,energy-5232766944
2026-08-26,f0f184f661c60b87432a15f3acd0d69a56dc10dd306fb0fa8e2c8958825c0153,2026-09-03,energy-2227163015
2026-08-26,d74b90f81c9740d80ef489e62676784ec39290db108fda5e952b1871e5448a61,2026-09-03,energy-6713769176
2026-08-26,eb1f72d705c987a41d328cbe63455375feba60233a2e630bd50c453c5a0e6356,2026-09-03,energy-1031723940
2026-08-26,a89d59d53151e763755870c3e6a66f4c018ee3e241d5139e65ac57ffe9999a79,2026-09-03,energy-1905823587
2026-08-26,d956e01effa6358fc8366a6c88613705d97cd1f5cb62827084a5e795cd4c3ef4,2026-09-03,energy-7970201999
2026-08-26,3cb66efd664aac8422610528a91b82170d5a99cce2fc3033dafa47a487308e11,2026-09-03,energy-2658966660
2026-08-26,c9fd5fcf42b899f35b0f7369c8a260ab20e329e9421d3c764843c92a248384f7,2026-09-03,business-economy-4513574387
2026-08-26,72ad34ee043d9b25668b7590cc8ce4fa25b922deb7125aefc2d1b6a982b9f499,2026-09-03,business-economy-8172735269
2026-08-26,30df22e175a214fa9326cc1ed625e6353b43bb9cd732e2dd98a022cd0c97ef37,2026-09-03,business-economy-5363559674
2026-08-26,03c4a5f4d48ce802ed8c65fc5076ac0ca84f4c3129a7c40754f2af3e29c37a72,2026-09-03,business-economy-8505679874
2026-08-26,730e5c7b68bea5cc24777a5e62d03931ff965e4c57a6757f449392fa88970e7d,2026-09-03,business-economy-9143719372
2026-08-26,8a50bd84c8dd8a3922101a8c227047f5d41a61ae8f945a101331191e5624054c,2026-09-03,business-economy-3374202425
2026-08-26,002f24de4f48cfb316b3fc608371b701fa772330c3fb9804335ebc6e87918ded,2026-09-03,business-economy-1136912307
2026-08-26,5681e887619885dfb35b1242149906cba3c366baab4c7fcc45ab1d226823a8e9,2026-09-03,business-economy-7413091807
2026-08-26,b7a548874c490f3c3957b1e9831b02940514dfd96f4bb910942a32dbfb6fb477,2026-09-03,business-economy-6035711804
2026-08-26,8b58431265936a7b719b5ba700bb6a7524e09c3dca85cb7e55cd92c6293a8e40,2026-09-03,business-economy-5515153019
2026-08-26,c7e31876818ab63619dde089312294846732833477a740b628dbaef55be34911,2026-09-03,business-economy-0519537206
2026-08-26,994b908c15b0580e040c47b3048dbc396febb19e175340c14af92e47d91cedcb,2026-09-03,business-economy-2389973006
2026-08-26,20615a6918fc7f02ff72141b5757f1053c4fd68d38631bdcf0c4fe054b9ea2fe,2026-09-03,business-economy-9391894274
2026-08-26,b69861b3dc5aeadde9ddaff2bf3d15ab153e6a855389c19dbec2440959f333ac,2026-09-03,business-economy-6486890205
2026-08-26,40e2871b03e59e0486e5069283c94a2b391bd2ba778501de367e3c17b50e43d2,2026-09-03,world-3263242756
2026-08-26,c4ae61d27314b4effa3124788d0547071d065b690ced6a6a1f3ff0a879d9978a,2026-09-03,world-3883292911
2026-08-26,21c03b4e6535c18dbd72989eebebaeaff8cd948e46d43b666138833604df74c1,2026-09-03,world-6671577485
2026-08-26,bfb1f59e0486fe2dfe76a5033d3f50f78603333ae6bf0e4d001607e379d1882f,2026-09-03,world-1151615533
2026-08-26,d98ae01cddeb3efca1931b0c50d71fa3e0bb4661ac5a04109c173bacb28bfb90,2026-09-03,world-7603320572
2026-08-26,d7a6250f5b2a7e0e5fc676ab3cfcd10e495f1a113d086421c295464ee84a49ac,2026-09-03,world-2172723726
2026-08-26,dfe0425439ea70d59f0cbbaeb8f38431b2fe1882a43feb5a877248507d21e107,2026-09-03,world-4757468373
2026-08-26,a209088aadff2ffd53a87085f98354008ca86649edc2eefb98208e3a5f4dba5e,2026-09-03,world-0652412925
2026-08-26,926c9f00517da9964734587144e1513f1fe81e2dfce04a6e7585d62ae4dfb8e8,2026-09-03,world-0738235798
2026-08-26,3ae1da0077fb84df4c2c05db9d09477148883ce6629ef3399778436e047e0d36,2026-09-03,world-9507545311
2026-08-26,7eeff85ed461f6c0cfafe554da47bca95273478f56dde31f65c2d5b3fc800a3a,2026-09-03,world-4386570944
2026-08-26,bf4d60b403c4482150c5d2a3c21243aebe5f541a2b5060fb86bb8b7b40502983,2026-09-03,world-0724531233
2026-08-26,d7d7740b95d629c7dd3b9b2cf0e90990caf53fff49c393ac33e58daf0ae29537,2026-09-03,world-1254600135
2026-08-26,6f157bcf0984239fef4c5ac70d3c222fcf721ed862e1f3711ec02121b85e722d,2026-09-03,world-1869026207
2026-08-26,74ac16d8e431e8ba95f7bab51f91b8b894830506a0a4c9a139ed2116e3ca589c,2026-09-03,world-5191096506
2026-08-26,d20452f4ce257afabead3968e74eef317262436081771ec9250f92229397e125,2026-09-03,world-9255769850
2026-08-26,8d8b48c378d2569badf07ba669b13dc0e1b14d07857741c5066762c97ffc197c,2026-09-03,world-5493493403
2026-08-26,87a1b8b1539c8abc28b360c30e1a6d525fc8944ffb8f99f693cd0f395ead5230,2026-09-03,world-8122177212
2026-08-26,3b2cd4ffdb099f8dac7cb340fc2a90cb9bceaa93e67cebb1d8e49cf19aa18ce8,2026-09-03,world-2569607053
2026-08-26,abb04cc0f98ee5bce2645614bee7ac0d016fc084004968ff81255f49d6f6a2ab,2026-09-03,world-8091076028
2026-08-26,6fec33caf4ac824f3b9f357c207c6f5b46f494ac3a8942e98dd0448aabeaa89c,2026-09-03,world-9495072335
2026-08-26,a736d1875ae2a2925687bae75815cde31d8a24b4039691da1b54358c688994d6,2026-09-03,world-2351933074
2026-08-26,00afeb1827f6f6d25df8c962268ea3dba580ac83e804033004a25cf98a78465b,2026-09-03,world-9906603730
2026-08-26,f7bcf676282f3c0b1bdcdf2cfd50bc9f609b638715aafa7afe6512caad47f082,2026-09-03,world-0330561547
2026-08-26,beb816af38f91527c0ce8109da92ffdd10c4ce7ab786c8915238b908be4af027,2026-09-03,world-4752004391
2026-08-26,033f89b6aaf705334c00eb6c74d7c74b738d660574b19187d9d123e4acb71b52,2026-09-03,world-3291923763
2026-08-26,a0bd7a30836f9dc2e03db544c75e04d72e6bb61e67dd083ebca64f86150b85a0,2026-09-03,world-5448932802
2026-08-26,3a2d870299925a0c2a1114c208a012b62d582b068562d6b738d9606a7bf4b279,2026-09-03,world-3387989516
2026-08-26,604d77035b57657b457115194d9cfed50a0f8fa0ba64bbe59dbef16c2bfc6f29,2026-09-03,world-7148863867
2026-08-26,06e761fedf34724b58277e5e06d15418436dc6ec22fa4ec99c3fd7db71b9601b,2026-09-03,world-1142072907
2026-08-26,e81e9318f2bd63b837943ce69beaaa010b72abb14b536ffffb99661f876762a0,2026-09-03,world-1461597112
2026-08-26,2115d276711180710eac68bfe83eb6423a6bad934d49111fb63b5ff7f3f36689,2026-09-03,india-3907491953
2026-08-26,1593a314a43a4461b01ec443cff507ae8fd01321156c346dcfa37111764cfb02,2026-09-03,india-5422908513
2026-08-26,4a443a56ad45546f23ef01819e28a998ab91e7e6d527a36fe8e942bbaaf86d08,2026-09-03,india-1171592303
2026-08-26,e51d95f7d360b59f45a3e49e6f2b4446f1a149d651bb068a7c3b1f502ce3eb1b,2026-09-03,india-0645897631
2026-08-26,fe0d2617b8126e1a23e0ddf91879b769a2f447ea567719819a056906062a66ea,2026-09-03,india-3645253146
2026-08-26,45151a76d601888b91f7da868394c266ce2acb685ae975536b7d774cf4b7bea7,2026-09-03,india-0826839179
2026-08-26,037a04a86be03b564b8c687be601a96362074aaebd8ce80c129074e41e423460,2026-09-03,india-0683358038
2026-08-26,2c9c295308831b404144e76fe00393e81a4a8ad8a44976d5c657d9b89738c1e5,2026-09-03,india-0637525824
2026-08-26,3a2887d7a0a38046992bfe176f559ef8953a2622a3b6b1b396cb32ac4474ad7d,2026-09-03,india-3451034694
2026-08-26,ea406426d6039911a1b545a91deae7b703338f73349b3d6919c71195f1f39790,2026-09-03,india-1346713873
2026-08-26,8298a7ff6ea1faad3d86b3bc6cfe14da31813c077daef765964661d9a066c0d5,2026-09-03,india-6905259693
2026-08-26,a53074ffe9564223aff54991514c769da783b0f3fd80ced9cee7f06f0c2c9547,2026-09-03,india-7620447779
2026-08-26,4970ed94352b503f8e5052eada37118edf83597e3af703d3d4b7b426af154eb1,2026-09-03,india-2963306559
2026-08-26,ffda90f5a29f988296d9512ce3db77c9f837da58ddaabe9766e699e2a374c2f1,2026-09-03,india-9264302210
2026-08-26,103b4d3f13d71eac2dcabaee5ed88092e2bd08fd00903c97a1134ad39af6b0f1,2026-09-03,india-1543919276
2026-08-26,21d4a3b6a8435f2e87da311dcb8926bf160d0fadadba95768b07740fc57a35af,2026-09-03,india-3216643886
2026-08-26,1b500fe23fd04b783d18956a8e394373d667ac3ea446c40a4900a2e5d9ec4a94,2026-09-03,india-1568547704
2026-08-26,c9765e400a57c34d32fa0da62b1391fbde011ff6ae0a241f3dbae2964deb4c3e,2026-09-03,india-8019814221
2026-08-26,100ecbff49747de9a463bb8dddca30ea60f2e8d844df6db5995bcbf11958bcdb,2026-09-03,india-1590266345
2026-08-26,c89ebb9d1b5919a589b059deaa8808cce1c5f327246a9b799b7eebe39bfaaa5e,2026-09-03,india-7348954533
2026-08-26,ef8045ddb05eeb9992e854dc6e5d4dfefce6f83dd0adf237cd329cbfb3292ee0,2026-09-03,india-0532840345
2026-08-26,40fa90d39c2ce6545aae9dadb8de101b3d9f6c9492fe547ce16d16b337fe4cb0,2026-09-03,india-1137739348
2026-08-26,9bf87790b473abc2f55953b1922451dbd1ec10d7c1e346103836776a608c8a69,2026-09-03,india-3489548226
2026-08-26,422741cd9ef0c6f986003bd5d68d0f09f6a2ee2f763bc25ce427b4b4b32c34d4,2026-09-03,india-1985640185
2026-08-26,3889d1134a5544504310827d0b6a3b1272facdb695139331079fa64e54b2494d,2026-09-03,india-8715010128
2026-08-26,66672b1aaff56ca8ed04885860d43b2c75a53d99b91e5f30a20cd27d2c57bee2,2026-09-03,india-8091088040
2026-08-26,f723401786755c5b326d85265d9a6089f4b83f2337257a346cbd0ef0b3455954,2026-09-03,india-1337336923
2026-08-26,097e1b548e4e6fa165b24a02eb995e2899a11b360c98aa165e536925267c10a5,2026-09-03,india-3385601953
2026-08-26,eaec8d1a7fe8f174313353622e89789bef0fcf10e654dfdc5be0eb1ca6c02cda,2026-09-03,india-4333490548
2026-08-26,379d1e12e87b3a4999c72d814c582f2d417d0277f775ab2f61b0b8181503f881,2026-09-03,india-9988244041
2026-08-26,a17c31140dd9d4852f24edbb48dc0eba8a76746746004ea431c9a7d4e3f78e5f,2026-09-03,india-9420005509
2026-08-26,aafa96095a68fbe0c94caa99e2b8d8beca2caaded3352b26b4ca6aec4da45d70,2026-09-03,india-7541114848
2026-08-26,a966a4d3144674cd7ca9326efbe03a9b5ab9ce9a5d73240f0825df1d1b706547,2026-09-03,india-6519524557
2026-08-26,7878eb67a9ee44d595eff4ec686e206b40b457803d13c52f6059e013710f3c29,2026-09-03,india-2221754581
2026-08-26,c420b814fd8c4c2ab28b5a05f3aa956b3b6c2a8053731fd256e69734cf9de190,2026-09-03,india-0981303338
2026-08-26,88fda913c49f6339915374d43cd2b1551d84df7bb402c5f73cca58af2f0c7c23,2026-09-03,india-0634247993
2026-08-26,ede81ffc76c6dcf85a0e304e33eba7fdc7a18f194e6616e34691a4ea9ee530fb,2026-09-03,india-0770756856
2026-08-26,bfd709ba04254430afe9e7dac33b7b33a171b76e719e90986ca15b8dcf2e3cce,2026-09-03,india-5775145008
2026-08-26,05c6535e17b3a04093359b11294823dbce5d5ae656798266efdfb0e17eb87753,2026-09-03,india-9168028736
2026-08-26,75f88d40c60d83397e50ab66b29876330d07afd97abe332786338880e38ccb78,2026-09-03,india-6002008889
2026-08-26,23ed48af11af93bbc9ba908ef46c6c9faddf371baeca8b955cad91c069905606,2026-09-03,india-7561099195
2026-08-26,30927190d1431f3790b4bb490a126319e74a33552840cc51234641791cd7bd49,2026-09-03,india-7220363063
2026-08-26,0dcf9c205eb2db3ae521bd550580ed983c007a7852a4b43f0225c9bc1e72d816,2026-09-03,india-5513835322
2026-08-26,4e62bf0ee0ccd01be392273f5ccdc6b3769858e805bfd968cc646f298b2b1a63,2026-09-03,india-3297989659
2026-08-26,41ef433b5a550a6f0e0c4c26c5a57523f40ccde534fa4433aae2763edb347fec,2026-09-03,india-4096816751
2026-08-26,92640b734a56d56cabe470028583c440bc9f85a8199b7a48e5c5d4ab7db977ea,2026-09-03,ai-7004893548
2026-08-26,364c97f2144222392d2e7c8918541fe8e6a9162d6d0cecd2c770fab28c1141ee,2026-09-03,ai-2255876665
2026-08-26,72825d50b3eedaaa01233332c43cff4bb332767287c0d305bfcc1443a90f0ac0,2026-09-03,ai-8493712042
2026-08-26,a88f23e2e218e548366788be76622c9a7793a0614025c3e8ffdd61f692d8587a,2026-09-03,ai-7404380488
2026-08-26,66a6a31ae5c3d099b0c2261627b69ff644408488355f8035b947918056548178,2026-09-03,ai-3921910937
2026-08-26,fffbcba03b0b217e48932bf108f9544d9d15dfe90cc71dd430d68dae9df9e2d9,2026-09-03,ai-7871789438
2026-08-26,a139f80b159295ada71d0ef039c73160eae68aeaf5d134012254faf54b7cc66b,2026-09-03,ai-0269161901
2026-08-26,68d9b9d42a83a8c5e359dfbebe92a7c7860c33a2833b0449aeb53b8f8831a372,2026-09-03,ai-0788194501
2026-08-26,cf3f0d23954151c6c97d6baad3a584d6c999fe359cdb594370bea5e7bd72f2b6,2026-09-03,ai-5862956486
2026-08-26,0415c808402b7b0e1e39f7a27c4007912aac845af82c61b51e5dd0195a4b1d9e,2026-09-03,ai-8424520462
2026-08-26,a3276eb3b41cdb6d899b626f985e97e3a8c88cefba1a164f7ea5691055473de9,2026-09-03,energy-0373960557
2026-08-26,543c28a16fddaec0c512f78c2b45539e7745f4099000866021ca8c860adbc614,2026-09-03,energy-1620230848
2026-08-26,6f8db978569a3a7aecfadd55a369f7c6ecdf01481437ea7b856e41482192e307,2026-09-03,energy-6426365562
2026-08-26,4574a7237d5f8a37c0c7c750b16087e11cbb03c0c0112d38da19045b96a0aceb,2026-09-03,energy-6784570935
2026-08-26,097f13843d7884c16dd164af9fa874a92a2d83db9989793504606e40f09ae299,2026-09-03,energy-7071524033
2026-08-26,56dcc5f4ef5cab34eeb5fc71da024913a2324732ad07aae6abcea0e295a74f3d,2026-09-03,energy-7916666676
2026-08-26,b8360098f976378c5e66cab1aca841f3bf66cb270bd885c56950844c1472ae82,2026-09-03,energy-8741418892
2026-08-26,334d5e33347c2f7f8ecda7a6356ca3d708c2b8b976914d8216d47f42f306e2d8,2026-09-03,energy-3157942143
2026-08-26,bd245747d8dd3e91142a23d18bb57844ea48b61704fed5f0a866307550282e04,2026-09-03,energy-8422636177
2026-08-26,e356031ef0b4e44174e82d0a46c39f90f372a255bea5ced341a347199495ea3b,2026-09-03,energy-6029046849
2026-08-26,8fb3ffa0fec13d23b0d7e2d11f645dd6d5add97915f4d58f031da8794908a9a9,2026-09-03,energy-5188829475
2026-08-26,7e9cdc686756f2f2644317ce7d406b2ab6b541a966963219ea59b15211db54eb,2026-09-03,energy-6114243314
2026-08-26,0e7b0d93c4d0e67d7e0282074243b3eeb9961aaef79049b7143d35fca45eab25,2026-09-03,energy-6979780221
2026-08-26,ef51e1b06642e63ec5515e07bd9d07cf87a592c554177032e39d7bcbde30b631,2026-09-03,energy-5924493886
2026-08-26,b3997c012811cb5b57aa70e5e2e721f32c150819b4a48da7a7b9ba9220624f98,2026-09-03,energy-8634897243
2026-08-26,188296d181c213248079b79ca33040fb6245913751b49223017745c1135d734d,2026-09-03,energy-0451966756
2026-08-26,ca0d109bde28a640a5a6ea781c0754b87397613dfd90ad4a56a58565292da291,2026-09-03,energy-1991862848
2026-08-26,460c2ac3802d52eefdb5d21140abe768de02b39ebe81e5969ddbb9b9b68dbfd2,2026-09-03,energy-1532926702
2026-08-26,dad3066a245289de5abc2f16b14a7032c258fe8529144790200ce2c1439f8a3a,2026-09-03,energy-3299927518
2026-08-26,636132ba84b3e2747f058c70c9194353807da5ebe6e890e42e771669d473647c,2026-09-03,energy-9167486580
2026-08-26,f1913bb70930d561b59dd4ef1bb95d4f0edd5fa8448003a8739aacde4c50a273,2026-09-03,energy-2082926945
2026-08-26,1212691860ce2858d63cb8a6d119583216e5c459bf5dd572cd562c182fbc46d1,2026-09-03,energy-5687749720
2026-08-26,eec086233cc31d5e810ee5b0100df6899ba4d9abbedcfdb6eb1fd70b568cad76,2026-09-03,business-economy-2456692062
2026-08-26,cdb69c9fb1345d8199419233a8d9e37952310d8a18fd5f4cffd44ad6cc9dc4e3,2026-09-03,business-economy-3223298433
2026-08-26,325d375bb3b37446ba239a0924713be19c126a9eb55874bbe3d7edb154f00100,2026-09-03,business-economy-1726921798
2026-08-26,2e39c965a40d6b028a8c94bfe30269fe4f637cdf2c99c1aa5b490c2488311e69,2026-09-03,business-economy-7798415106
2026-08-26,644e065a5ee4b42575273ee68042d419573e3879fb7a9d4ba16341f0b2f01a97,2026-09-03,business-economy-7185094693
2026-08-26,fd137621339ede10342a865a80649d5393f0cd5b04b8eaa76cd7495949562ab0,2026-09-03,business-economy-1125318160
2026-08-26,c234a893ac46ce492514b7ac71311ca3e9fef353ecf9ff82798cc184e0940921,2026-09-03,business-economy-4350954057
2026-08-26,cd4478f3580be4a2a0d82d3eb5b2a5784eb7dd1cecf989038eb1e67210efe832,2026-09-03,business-economy-2741111970
2026-08-26,6d71f89afff882d2f41206282843f5394fddaa8d2bc3a643d9fe0981e9e6cbe8,2026-09-03,business-economy-7105577682
2026-08-26,998066624ec54df7bd6a9a0dcac71a0fecf05fcfd591ac1d920b21ad64c7b189,2026-09-03,business-economy-7236319735
2026-08-26,bd2a610e25294985f2700e1223e07ae0ba8364540ad1fd5c167281d491fad0e7,2026-09-03,business-economy-5571126661
2026-08-26,d8257792d9fb917cf0667f525cafdc6a8ef3904b3de42c4452a6ec7c0216a836,2026-09-03,world-8936801660
2026-08-26,06d00a9203275a19e2ee0213493ef9cf8775d0047400c0fc7b3e73ba13712440,2026-09-03,world-1617797657
2026-08-26,7254ba1b96c5d57e53237294cbfef35397f03d1f3c59252e090009000d1606c1,2026-09-03,world-6023910782
2026-08-26,aa4e00ed648581586b0380d01d050123be7c4402ad67e9285dbb49faeb354242,2026-09-03,world-4224900440
2026-08-26,aac253e76a637f7afa27b7a28c8cc24f4c8d0d993b0705a46d715869fecbba3c,2026-09-03,world-5317072762
2026-08-26,f284ebf39f7f526cd24c6ffb3893457d0477137a44c7a6e442270b8c97063856,2026-09-03,world-5689868908
2026-08-26,b88d2dda3061ee97ab9c82c9f20c7d01319c77e8d30ade134fa94f68546e9829,2026-09-03,world-9832787607
2026-08-26,d637dceb8df44318c3ae4165606dd00c978d3be0abb802ab1ca1af596264bbdd,2026-09-03,world-2092685080
2026-08-26,386d5b6d210b24194c175caee246a657372f3d3ab69af51cd0ac570e6e21bee8,2026-09-03,world-2849367065
2026-08-26,d5a93f6c649506e18ff2a4bf47901a22b39ccd59d835d346799fbea06c82769f,2026-09-03,world-5919257313
2026-08-26,7046fbf086c9a2d39d049d9cc3b84d2a825db469b7f4781a9db524d38e428c13,2026-09-03,world-1089758931
2026-08-26,5066c42d6dfe6900a5f61a658cc097776b39000057af4d74ea7b05d063036659,2026-09-03,world-0056683776
2026-08-26,2ce24cfd0ec05db82d269c4e22d860ec4b561b527ad6211f7c67e10ed7d84562,2026-09-03,world-2163362232
2026-08-26,445096c85f11cec8311539c753aafc8c2ffe9eb8d56a7c2f8e8b34b364f95e60,2026-09-03,world-0048580296
2026-08-26,adf4464725a02e2131839350f04dc936165ed0fbdb7f4ee901b93df58a27b43d,2026-09-03,world-4266809889
2026-08-26,2604607d46601157a884a0474d2534cfe803d2cba1c4ad370665cc9c5d4f7af2,2026-09-03,world-4515983703
2026-08-26,7e238946b7b2fab20f155cf3f902bf3122ffab23b7280fc715147e68da9c5a32,2026-09-03,world-9786469042
2026-08-26,580019ce78914978b60c292afeedb83302fced86b4e3aebad040bf4fbdc9ea12,2026-09-03,world-9914403192
2026-08-26,de26f81d0ba18fe4421a9d23288afea6269e9da7b58b6b604aa7af511baf9f7f,2026-09-03,world-9167884260
2026-08-26,2375bbbf609cfa495480abdc36e12bc819625adec6d79ecd04df468fa450503a,2026-09-03,world-4236672585
2026-08-26,50621f4d6e70e24483b92db10f8376a103a55644feb91e89ca06cce001c2de8a,2026-09-03,world-8177713732
2026-08-26,b0ad01e64615fc1ce538508c4ee61f8f134668a3e7467d49f289e4182bc3c5f4,2026-09-03,world-0176211996
2026-08-26,01cd04db50aea5c2a8a71bb1e34b3e31ce9fad08607ca8f585a47322b0944403,2026-09-03,world-4261584322
2026-08-26,94f730c83469ccabb43ba85726eb4bd092adab41fd377f6de5d31fb4aa66eea3,2026-09-03,world-3291807915
2026-08-26,a5d33a3ac3c3e0040e551eecbd06751f76e1dcd5fa1fab64f9ea33fde2d0a7f0,2026-09-03,india-0410966020
2026-08-26,3bbc342093fa5e4afe3f9124eee4372cb266aee753e0a740db452bc5d50f397b,2026-09-03,india-8385608266
2026-08-26,a31e3c61fb573ec6ec33b2eb240e4c12f13fd88609efa90e381f1a2244a23bbb,2026-09-03,india-9009866438
2026-08-26,50db98facd5f31f561d59c6b84d35d81edee9410ec45fe928c8a749cb61740f1,2026-09-03,india-5888682485
2026-08-26,3f7f3eeb220da6a3fd053c3b3e260114d449397085e10c93a2a2004cbf443eb9,2026-09-03,india-6041269923
2026-08-26,2f7fd904181a8093a8299990726692ea28648d18c3f90dc1227841acc39bfa73,2026-09-03,india-3432352915
2026-08-26,e287bc450cc3c4c64954edb162bbf65c60d98504da0db6ba483c5fccd4c75205,2026-09-03,india-9180573894
2026-08-26,77ab84e85074e7c96acf77c096d9ceac1576ef69799d564885ad9bdf40c78a56,2026-09-03,india-4848064457
2026-08-26,5ced64e5c1206eb9e504c2d2c4d89f5fd13745351a0b6db3cf208cec06108d04,2026-09-03,india-8920212153
2026-08-26,01009e3f1f9bae125f15f101ccec15faf5a7b38adc342220cf933a6d7d0867ab,2026-09-03,india-7988352530
2026-08-26,d328e6bff5d743e86133881b44a06570cbff8f946cff20a609e81da877786bae,2026-09-03,india-3208888296
2026-08-26,8d3ed690a561aeef09676e5e8b9134af424bf027137368af0b45c5567e0c1726,2026-09-03,india-4642176751
2026-08-26,04b8cce5d3c7cc530ab9d8f4020b931dccd8502eab25cc03a9611361221a2498,2026-09-03,india-9339136083
2026-08-26,0f27e8f664b7e225e138c8ef1e0a0eeef11d786102275718ffd027e02fb52129,2026-09-03,india-9610006053
2026-08-26,61f656e7a221a606fadfc657e51c3599ece47cc68e14604e894314ca3a81f591,2026-09-03,india-8807379462
2026-08-26,20e11d82d6973338cdbf598faffe843cda4e49b5eec3c7e5f657803b1db0baf1,2026-09-03,india-6756778808
2026-08-26,55519c7c784911c52f3190f5e919a3f74515d56cf222c42e8588817de0876267,2026-09-03,india-4745370053
2026-08-26,70c0607d1aec68b1b03bdf3b3db05176a565ad0b647eca005f7e682b6d36bf6b,2026-09-03,india-8215254193
2026-08-26,402663c5d11493c19d5e1e9bdc8981c2fb107a159528d4054bc4ce8e1681b97b,2026-09-03,india-8809886657
2026-08-26,39b6de34a4b90cf36c9d1dbebce2a04473d71bb8e241fa87e9e3711e64b7c970,2026-09-03,india-3606488307
2026-08-26,969cdb4790c56dd7793a47f2109f76857d34492e4fe8710f7a066cd3565c76a7,2026-09-03,india-2474071511
2026-08-26,14108a03016ff918e792938303918ab5dd97c7e25fa7ce04e56b8c80a68a8cf9,2026-09-03,india-5899579672
2026-08-26,95d445801a853a664aec9f7c5fc5cc08ff565c5dbec7266fc9e6c7c40d3ec8b4,2026-09-03,india-3216990822
2026-08-26,1babb993ee9ea6a2a7673c89023962ed88a62dd40a4fc9960a0b5e839ef3fa6b,2026-09-03,india-5056282274
2026-08-26,eb42eaf476940c3a89bf8b4190cb84619f84a2e3b2bf8c3240216f16105ec3c1,2026-09-03,india-3058302010
2026-08-26,f941f1336393441bd76bf9abe3051cae89729b3b05a279422e9ed2017c9aed69,2026-09-03,india-1946470427
2026-08-26,3db49c468492080e86b2a8c8adf310c75feb6ae03ef5832763d3bac286fe8834,2026-09-03,india-8807328782
2026-08-26,88489cd28aeef91bba813215af9f02937d115001226cdaf26c9e51ea1366f0a2,2026-09-03,india-5569348891
2026-08-26,218cd8a1341be3e66abb8381e44226541f59c2b8112e990803693d76338f6319,2026-09-03,india-6866691046
2026-08-26,298aaca056fb83b536c02da615e2960d80532823b8a8c1c6044c7e1a508e6ec4,2026-09-03,india-6995184565
2026-08-26,b5dfb93ee9936b169e4518f3b211559104467f38c21654f28558b834220067ac,2026-09-03,ai-0529296150
2026-08-26,3fdddb3e5f85b76ee87500606565d7105edb556a576807e83b299827d14b37c3,2026-09-03,ai-5179569006
2026-08-26,c5fea2be4f2543bc4a7e77b1b7700d97df44c4a64580f0ad016b81788370c964,2026-09-03,ai-7811638204
2026-08-26,a038bd3173badd7b0fba2e6e67e7f0a71a32284a4e9f921b24fdfa0a83c501f9,2026-09-03,ai-4856939899
2026-08-26,09f89fc51c4ec62c5daa317b10687e75ba8c8d0596d2ef378c626f8eb0922a52,2026-09-03,ai-9497892396
2026-08-26,d3ba03225ea80252945810ca88ff38fb9ef13cae9ecc99aa12af2dbf98620524,2026-09-03,ai-3822816850
2026-08-26,e5a7e10db615029f6f74c63f2bb809af4f9f2e78d8caa1418361f8e95ad16397,2026-09-03,ai-4801831583
2026-08-26,a485386f434183de7a1a1b4c9e69cbdf5d05e627c423fbc054ddbc81ca7cd5f6,2026-09-03,ai-4643591134
2026-08-26,8335331bc7576864bb0f86b549333f9b724fd1e56f57ea59d3d0500e3903dd29,2026-09-03,ai-7135752292
2026-08-26,2a2935aeb1a6a8debd787856da86cc8ad24fc1818e297cf93349a5863f1753b1,2026-09-03,ai-8059181278
2026-08-26,7fd820e1b998b43eaf2e87003ac630457a8f01d595531c8b2c643b6add5468bd,2026-09-03,ai-1639872574
2026-08-26,d5ea4bcadd66b1af0f565c097e81f897caf5e494dd83ff15e5bb2162da35ceca,2026-09-03,ai-9298915759
2026-08-26,c8643c5afd6ce1f747a03e3a64ce88ab265455bd424727fae6dc9eb7b74a67d8,2026-09-03,ai-6753147383
2026-08-26,85582e560de59ecacefa4261a53abeabedbbeb4ed6248fb054c63a158cca390b,2026-09-03,ai-2130170570
2026-08-26,507a0262c712fcdac60222bf2b39ab1ce6c123098fd675da57c15fdb209ff4f0,2026-09-03,ai-3462895834
2026-08-26,35134b2720eb2a0db8006c70279c5353893596faf904c35aedf421f055f10060,2026-09-03,ai-9995773453
2026-08-26,9913f6da7f4f2be853ad7a3f0227b96276557047649f44f75c92bd431d3c3dc5,2026-09-03,ai-0659675112
2026-08-26,26346634dc75eed85b23daf96c9224fc6b3dcd6ea01680ee06570c4a00750a9f,2026-09-03,energy-9453264600
2026-08-26,9f3e6f62f878a36c4a22e2304e4de05d95b83e6f3108c09f7082915cbb27367b,2026-09-03,energy-1452736364
2026-08-26,3ae6c3b154b83fd204ee4a63843087e1536f8aeb4526d6666171f774510e84de,2026-09-03,energy-5241259986
2026-08-26,f5d2b038e49f31815f89b928c2fa203257629adebc3b147d69ddb9807b3319e5,2026-09-03,energy-2801877377
2026-08-26,28df8bda6a353e11cb978038eb0297f8cdb2d5a1e101e7d44637a5f69d59668a,2026-09-03,energy-1524599313
2026-08-26,c22a5f593314bf1cbaf746d89d1b7ad5d49da3ac44b88c9ec96a601e644a4b54,2026-09-03,energy-9093592860
2026-08-26,7df677e6b9f3d31cd34e91769a948473a55e1cab78a861cf091820f517cffaa7,2026-09-03,energy-1857761052
2026-08-26,35a5ae2a71cb80b7618dae72bf7f5f7d4acef9a3932b118110c4055614f12e51,2026-09-03,energy-2488460471
2026-08-26,34fe2999c08893606be281db5dc3c01d8d03168719f96b64f75ecda414124cc8,2026-09-03,energy-4393670496
2026-08-26,5867711f53a624e3bc68ee9a2d9a03a866fdf449203197a7d6d9569dd708b145,2026-09-03,energy-7300178147
2026-08-26,c36a17a4b5dd311f9be6e1e94757e6859b2ab8a89cd1629934a5ba12cd80ba4b,2026-09-03,energy-1120524575
2026-08-26,fd2d63dc55448db1fa1f344667c9f1087e0b94aafb6c4c3942efa36d5e2aecba,2026-09-03,energy-3522258353
2026-08-26,6650ddecd534b6238cf022cd19b8e6dfdfa475900b94758baf467d3f397ad6b2,2026-09-03,energy-9264523811
2026-08-26,3cf5460b86bb104510e069a4f40e959abf2966dfda9c6480232805a6d9562130,2026-09-03,energy-6888777797
2026-08-26,73fbb2002dac0109cb8c3869d936f1630e12bc8c6be85af01d34587681c82d9e,2026-09-03,energy-7352078601
2026-08-26,212da1f208b2b2ebfe0c8dbda82165888f9871b0ea93e309250b098815d72bbc,2026-09-03,energy-8103687915
2026-08-26,4add229ce1514da837e18b4b5c2b5e1e33c19d7203b7385e2485a07b215517db,2026-09-03,energy-5850166696
2026-08-26,199eb872b4e252db3f92e305943a06363cb51fd548c977a782d7a9634a53e8f4,2026-09-03,energy-0068995803
2026-08-26,36e7af1a0c74104e467a13eed3e26e1d203ae7aa2ef54ce6d30fa89ebe19bd6c,2026-09-03,energy-4081213518
2026-08-26,1d631bde68e806a24a7d30e64170d52df7fd4dc5add8d536fada2da4abf7a62b,2026-09-03,energy-1850991266
2026-08-26,dfc438518aebee7e72a16eca4b529bfdbdedbff9f151bb631c30e2050da8764f,2026-09-03,energy-8767442558
2026-08-26,13ebb325232b37bd99ae652521d2017f4fb55029fa2b9966594b2a76960da95c,2026-09-03,energy-8332831677
2026-08-26,62736bb77175775a58633f77c50b54781806ffc2f90ac771a4c0d0ccba515d94,2026-09-03,energy-3665374042
2026-08-26,680682e4f69182e5cd378cc7ede9777802fcc34950a9e6f230c2f083e296cce3,2026-09-03,business-economy-9705655013
2026-08-26,77f99f4baae37e93e182690f6ac73f2040ee07050bb1e1895ccbc1ae8dc55fa7,2026-09-03,business-economy-7052777107
2026-08-26,6fbbce6775d6eab8a26c9e51243844b17fa2f9b89c7e0e16f1509cb50fee01a4,2026-09-03,business-economy-2608865976
2026-08-26,e3aba58f9c50aa01b62baa7c73b73bcc2d4ca17418fa38450f6689e58ff0cf7a,2026-09-03,business-economy-3848602113
2026-08-26,61f25679fbb41d2e7e184835e7a2d0ead4b7f479daae423da49913e235e65066,2026-09-03,business-economy-7956905262
2026-08-26,6d923c233726007663a0dd5393247e50fdfeed2982b3dd2accf7e09c30af7895,2026-09-03,business-economy-8680660086
2026-08-26,bd6ee24b9ad2c0452a8ee0e679c0dc4bd98aa58a75127866862387fbf37ee424,2026-09-03,business-economy-4954479685
2026-08-26,32e515d152665a29c9599587be01f451beeb0a1fa3d35d026c7be40f2e6f4b9f,2026-09-03,business-economy-0337924649
2026-08-26,331598204ae38627b0d1d63195f6b064c88ae1fd7bdbc64285bffb8a30531762,2026-09-03,business-economy-4908048935
2026-08-26,f20a97f5c9937e1e9ec8dbccfca4324d97714fb32dddeefa2e0c681670b82db7,2026-09-03,business-economy-8850335262
2026-08-26,977d703b21b0a6c1a8b147a3de17049ce10cf593b2bf22af9c805376c095190e,2026-09-03,business-economy-1086556865
2026-08-26,f4c6d062151afbe80c304977e3c17df59fe578cc4390b9698e5e7223cd197dbb,2026-09-03,business-economy-0322588648
2026-08-26,b2ae5103e437f934143f77ed8aaf85db55058c5e897b597e1bfb6d84d2221947,2026-09-03,business-economy-1854452020
2026-08-26,e0766a0f683773ebc84f26ec16d06b3a58131ce941cdd6add61168a61193fb44,2026-09-03,business-economy-6153233387
2026-08-26,3fb8d74186531d754238a5e49213ff16be7951757f7e692ae026294ce171624d,2026-09-03,world-6530660725
2026-08-26,6a3ce09379772dc15e7480e25c3057122068126a7c09a77abb16441f0fbcd246,2026-09-03,world-0625668545
2026-08-26,dcda40e6f2229ddac8782d9f2d628684ab76cd0bc72b094f84bbee707a80659e,2026-09-03,world-3916079578
2026-08-26,dd3e83d25545b9fd96fc24023ee237e446f63aea796cca3beb7c8aa5d33c9e00,2026-09-03,world-0335138301
2026-08-26,76b48ad9961b0153c3cdd1f2cde87b83fff1b3ad642e8e6ad29850fed99f34c9,2026-09-03,world-9414303059
2026-08-26,ddb057db3e8a498c12461f4c21d8aacda656a7382543265be8991de6947c390d,2026-09-03,world-7441853836
2026-08-26,c42abdbfeabb65099976187468f424fb0518b6c269a435f30313b5ecee1521b0,2026-09-03,world-2430275849
2026-08-26,5f6122afa0314e4078e123b3804cf15411ba397c501dc7f5ba0c7a5e69f47974,2026-09-03,world-4046294592
2026-08-26,732121f341433e8b748d1a9f193a5592ad69972fd47e9c718c0c2c4f402d5c67,2026-09-03,world-7248859787
2026-08-26,dea93549a190a6a63dd46b253f9875f2ebf75249bf9aac8986815c6071900289,2026-09-03,world-7843599014
2026-08-26,fff08694f2d1e728233795566d03791c5ba3830db3abe3e3cd4fbde980402b65,2026-09-03,world-8369305384
2026-08-26,a3d741e59f8c9e5019ddbee6a908f4e6adc8bcc0f7c27e9687e6e6d09bc86d27,2026-09-03,world-2655153744
2026-08-26,4855eb3878f673641a10dfa1758144fcf78db56bcd75e0145966154733b8f9fa,2026-09-03,world-1531330404
2026-08-26,ca0ec6f38b38b2aa77af69a5515ad357423dceacaa83a4759ab1dbe747cbef34,2026-09-03,world-4650493610
2026-08-26,43228584227c1aa7a77d95a98fe83877f036ca18f0956edc536e015085f68314,2026-09-03,world-2310069927
2026-08-26,8c08c28b5d414200cbc262e2111afa8ea754bdae2b4dfb1689ebb2c99b6832b5,2026-09-03,world-8944396800
2026-08-26,e46b9280d6ff1798aad258eccca1c4b84d8cffb715efc958bcb9daf97c8b2402,2026-09-03,world-5216120728
2026-08-26,2a11efeb0a28c486e394bcdd48634626523144d09099d871c05c0729355f2f6d,2026-09-03,world-6963851398
2026-08-26,fae308a7538b178f341692386870cd3284018179f44f63036f3b40c38fd08978,2026-09-03,world-3949488015
2026-08-26,023ddfe18e3801540222a11492284ee6a7db467aefaa6a4ec4e4f2b8d5127605,2026-09-03,world-1501876564
2026-08-26,ad3e5de0b542c4d25afbb7dcb2092a2fefb11ad6def8ed1b6a3fccbfdea87fe9,2026-09-03,world-6812702930
2026-08-26,6ecbbb70796bb387f9ff15e997ed87385286cd0a806759f6e522699f89cbfbff,2026-09-03,world-6192168839
2026-08-26,f7e99e18fc5be43cdc0a011ea02e823c6eb20726e80a4177c5716b9464b102fb,2026-09-03,world-7092067388
2026-08-26,d6be8eb71db6a2698dacdb422fdda571918f99b09a86a295058de6147d4113e2,2026-09-03,world-6820270697
2026-08-26,70d7e8a51a82ffc9172194ef03dc6d0e22a879fc3d2d7f5189b42dca08ba36a7,2026-09-03,world-8052760521
2026-08-26,232bce7f8767c62e20533262beb3f2dc713098bd54fd1bd719ab143a076e7e07,2026-09-03,world-2453929518
2026-08-26,619fc47339b2e65e900101abca2775b966005c57156c4ed4380f87b2f7b8de09,2026-09-03,world-2144312926
2026-08-26,e8eb56e75cb0e3f611949f71f125a617d590af0e23d9bc77da9a0755a93ffd28,2026-09-03,world-8018815990
2026-08-26,67fad2775674061aaf84dc73a56d1a018d555d6ad1cd9d93b3f585bdc981aaed,2026-09-03,world-0077626906
2026-08-26,4bf7da8d9c92698c7b7b4014ac7e3215fb82824edcddd056e8ea5d4d31f9f151,2026-09-03,world-3844212108
2026-08-26,b3f530d31ca6bd0725ed02e6cc5fcc318e3686f0dc03b3aa9050c287386c694e,2026-09-03,world-5360133383
2026-08-26,63e38be57a2aa3db2b0cdb52be7b36f0a9661b6ab0348d048f6047cbf0be727b,2026-09-03,india-7181571035
2026-08-26,c86a4553e95394b5796fa17ddb2a5cda3a54dcd0e26a3c650114ed43d100c560,2026-09-03,india-1816087733
2026-08-26,eb27ff953effcbc15cbcbf6104289b3aece919cd70e1325a9c9c0d2cf1d80018,2026-09-03,india-9476941761
2026-08-26,2e29dff7db7e88192ac900e6535d99684c2f10cc8894ad8c0d43f062a80d4adf,2026-09-03,india-5422240793
2026-08-26,868950cbc66352ae655b916fc1b438dfe62ce012f7bf2a651949da235cdbc595,2026-09-03,india-9028684462
2026-08-26,c912198f16b1e5300182fadebc59713d3c5deceec7e774834a3f3c194188b1a6,2026-09-03,india-3556081968
2026-08-26,7f3a8c2f64fcaaa2e4337bb45af9e3e39bc93ad3e83f4a418cf49e405ecaff63,2026-09-03,india-6651697826
2026-08-26,357fd03d8c17a381eac03c3f02c4a65e6728c39909ca1a5ca8482cbdd0727bf2,2026-09-03,india-8814375809
2026-08-26,f3607df998456aefed6b92a18c6a39e8b81da07c58fe76a177abba41c49ff8a7,2026-09-03,india-9935726319
2026-08-26,491efb8f89472624787328d22dc963cf3e147a2a47c510ccd681cb47f01318ff,2026-09-03,india-7972095524
2026-08-26,b80be3d5f390497d9f0290815a055a821e69ae49d670c01660a388b4eb7930c9,2026-09-03,india-5776416125
2026-08-26,e2c18583ea80c76b4fd0842a73de278185ba5aead5ebfb295db6bed8c1080d17,2026-09-03,india-4698388331
2026-08-26,c0056411a50be1ca43fb1b73caa39231eed1fb46e50960c48b172d18e1fd8b5c,2026-09-03,india-7111957962
2026-08-26,8eabe7b97054fbf9f1c6a68e68d2b3d968249b45f3fdb14d0d2a0c3c8095c996,2026-09-03,india-8042872825
2026-08-26,17818991b97fef3771ac89732d3ea771c8ab9a62a4b18ff2537918cd8fcaa6a2,2026-09-03,india-3843449655
2026-08-26,dd63febcb6b60cc059032c6f193ab81bee6aa96236775512aeee0936946a5978,2026-09-03,india-1549119680
2026-08-26,b3093b210e0aa51d3fe307ce3991478c5fa41d8e50fcd35b186e363b3213356f,2026-09-03,india-0735034653
2026-08-26,b3f7cbef7a3277c9f0becc8d67c4f4857623d7af0421aa7c95379822b816b85e,2026-09-03,india-1444382665
2026-08-26,55beca8655428053b158d083eccf64d664817cca5691851524f327cef3eef62a,2026-09-03,india-7103749203
2026-08-26,125f0c38ca3a547bfc41bd6a65381279d629dc70e52fdeae75d4a693f31fc69e,2026-09-03,india-3520737403
2026-08-26,d86c449cf90fb55a683640f87905d5728a209f9bdec279d17ff769d8cd2a0a20,2026-09-03,india-0661328218
2026-08-26,164a29097f8b126734b1c6b9aefc84586b41a4674043deeea7bdee48feb85ada,2026-09-03,india-7882268263
2026-08-26,ce2191da940f9ba00dbf863b535494c697b0d045eccbff6836448cb1da46a10e,2026-09-03,india-4017555360
2026-08-26,8b9b6455bd5d7efc6614832c7de4069216b360561b524cdb3b3b25ef721a3e4f,2026-09-03,india-2074153724
2026-08-26,ae896097f0239694c568a72b607e641d0e04050d0e5a3482a36cbfc29b36c74c,2026-09-03,india-0094013076
2026-08-26,41f054911bb7ecf2c36cd28054593a73d8791470a8dca17418e071ebed6fd106,2026-09-03,india-9087902962
2026-08-26,402a950174b78ec5b9a739218eae6c209bc618dfc75bba6d6990d3e705813b47,2026-09-03,india-0934928069
2026-08-26,bdccb1c97605b5a0a14354e421d2c6757fede2f3434b2af566fd8dc8c52ffe7d,2026-09-03,india-7243982240
2026-08-26,678f780188c0231e4e4a5dac31faf6c91b48e343f310fcfe162799173799f8b0,2026-09-03,india-5560794910
2026-08-26,5d82c9a29a650f67f2712885cb0fedc43a1c27b70c3dbbcf275ff6086b0c8668,2026-09-03,india-2711882599
2026-08-26,fe99b6d8c98807cedbc3bd3b8e68f41600ae6e41de0574bf2eefb1bf3698fb81,2026-09-03,india-9280752590
2026-08-26,6b7b3868a2b147581c3f4eeaa6169a14d72e29929a91fc135ef2385579c3ad95,2026-09-03,india-6250981208
2026-08-26,cc9063ad8203988efb976b7c6075d67aa4f120705882dc4cfec73f02fa9d2dc2,2026-09-03,india-7245399182
2026-08-26,9ed273cdeb428911b67d6326b78ebe988861136bd8ffd19bb71b7fc62fa4a103,2026-09-03,india-1354347793
2026-08-26,8731cc3d6fe0dedbc61c5e0b13e8a0e6938e2b6dcdcb68bc8dfb8003ce09bf5d,2026-09-03,india-3221172955
2026-08-26,1d44a7f569f603a38faf808fd45765601f27cf44f383df88dd37dc46c99f1936,2026-09-03,india-8002791331
2026-08-26,5a9181225b94ce9b91ae7409f09bfa679040ed002b3e8b673ce0124cf5675474,2026-09-03,india-9601909403
2026-08-26,cf96deb1ea212acd723a89197a91267a3ae383234d3960351b5d0f1d55fae6b9,2026-09-03,india-8076301005
2026-08-26,81741c86bcfba224ea7f61e98f86be6ce1d59a2a49646d142c9ac0d65b36b32b,2026-09-03,ai-3212942884
2026-08-26,228d1e8c070c85e28ed72c07d92b4b0e37f0f28c38ed32486648d1c3c4b764fe,2026-09-03,ai-5768268258
2026-08-26,7bcad27ec56ef4c748554dab105a17339cd5e0f7ccd69c9ecfaf50405787caee,2026-09-03,ai-3880784071
2026-08-26,0bc9dca7ca5c693f995443e45857f7ecb7042e8eb447ef98fe8d038039763cc3,2026-09-03,ai-7948752191
2026-08-26,e6bc6aff4f76d98a08075ef07bee2fe27de00abf55b0f4c4af2dfea6a65c502e,2026-09-03,ai-9127422346
2026-08-26,939b4e3dff1a8fd03b0c8783aab53d922e44849335d729b0430869221de1b809,2026-09-03,ai-3145460688
2026-08-26,b2d8496a40b361785149b6f239192133224049879eb267d18f315fb6ec4aa4f4,2026-09-03,ai-4421533048
2026-08-26,723ac50c4cc59c41f351748db13d161b0097d489156c5e1d1e762afeddbbb004,2026-09-03,ai-5591301185
2026-08-26,9864db7c0affa4555c47c3577291c22d71d4c6ea61773613b371a7614db33dd7,2026-09-03,ai-7243065429
2026-08-26,fc6a277cb0e3df1122cfc71bd18f75e95c9146d69471ce6a39fe36845a7d8f56,2026-09-03,ai-1586321169
2026-08-26,e337a0b2496955f51b53e922a4a0a91be7d63f563ebe9c94347742705e432518,2026-09-03,ai-7924990453
2026-08-26,f9c3bd4968a3ba973b4ee73b61b3619492739cb2334f781a13eac536b5d7defd,2026-09-03,ai-8888456855
2026-08-26,5b06b3a005ab2639f9e62444713f9510042899a3d2433e32fd63daec959cf96f,2026-09-03,ai-7182947897
2026-08-26,9238aa98d54f8174d56aeee65d6395aaf473717361303bc7c343026b571e8d02,2026-09-03,ai-1623783796
2026-08-26,a628ff3edfdc92703d39443e367f116997bce747341a03d7e7f3142fb0d7b25a,2026-09-03,ai-4873293424
2026-08-26,3fc0a40f5576398476583f2f14db48dc98ee228519fc9fc69bff1486a9151b26,2026-09-03,energy-5683181956
2026-08-26,af937ce57de48fecbc9cc937a97b7fb190a1a2198d6210d35f3c97313d02528b,2026-09-03,energy-3315341292
2026-08-26,77f07fcf3fe04e79dffe6e8245a0d0b79c372c1405cc332fdc441f331a8dc733,2026-09-03,energy-3030604409
2026-08-26,6761112885d6259bce6d2e105499f2e6f166911c75d5a96db2844777b32c52ec,2026-09-03,energy-4389279131
2026-08-26,d711fd0923024a997a7f9536857a5512fe5da99a751ec77c7bea3354bec11648,2026-09-03,energy-8442473113
2026-08-26,de35335c7b6d132158e25d821c981ff75ab2520d3d07d3cef16a88855889d0e9,2026-09-03,energy-2486420257
2026-08-26,6d7226e21540eb3d70035fab297f5ab0ec405895f2e7df5eed29b172a8921504,2026-09-03,energy-9940200253
2026-08-26,f18d586e5c0c557691c984ca7408852f9d2ccd6428f9c6e69fec6e4a1203e4ba,2026-09-03,energy-5870794102
2026-08-26,76f7b598ac4a5379875db58b90a5d3dbdf1b6a1d7c3bee64d440b1905fe0df2a,2026-09-03,energy-3053237113
2026-08-26,fd6fbe7792c3a8aca694ccb54f4597f3a3b689f25ddea2f77006d81aa60a3580,2026-09-03,energy-4783332524
2026-08-26,9c0576c5a214249928cdb44a5985111d7f6633398c6ba547e24315b01131d334,2026-09-03,energy-6000175257
2026-08-26,6b582438564d97508dfb501580fde148bc871f6db78f50f4e2692853d6b492f7,2026-09-03,energy-4393520976
2026-08-26,822ea7b61d356ef15006b8db41db9cf6b79aa200a3419f3c82b41670bb70af07,2026-09-03,energy-4475249393
2026-08-26,a7f1a38b7e4299ff16533ffaa2afb55659994c35cfe9ae602ea7d441e8cf7acf,2026-09-03,energy-3235309055
2026-08-26,31d2987075a0b3aff61303b0acf81a8180a30e2682b292d643305a190adc8865,2026-09-03,energy-1744931759
2026-08-26,60f0824b5c768ccab47b7e9fc74a0540871c59d7a4d61e5dd1ad02ee639f4707,2026-09-03,energy-2237070538
2026-08-26,5f074048027311f888ceb749a83c21c517921b34dba2e347bfd9380d35176921,2026-09-03,energy-6463047160
2026-08-26,fbcd181bd8fdc463855033dc8ddcc652f9ec1ca583a09a71ae38e00a08b0704c,2026-09-03,energy-1629289571
2026-08-26,441453b67b5016a037bad89267b41370b8689919b6ff54168f930b734b8cb245,2026-09-03,energy-7331312288
2026-08-26,809a317c1d4ac274d0cbb3eb95858c11fadc61b7e27936d2198ce1d09debb1ea,2026-09-03,business-economy-2405361268
2026-08-26,2277147adc900f90eba5d5b18eb1083140df5e341f539d38c1e55208e206391b,2026-09-03,business-economy-7437112208
2026-08-26,3032721daaba39fe6717209455fc343ea5e9cb5f85d36ff8f37d3fefeb09a15a,2026-09-03,business-economy-4400023038
2026-08-26,475e64754e3fafca98b0ed345029ca0a0c1bb4b97eb1f8de70ec1b12980e292c,2026-09-03,business-economy-9490432970
2026-08-26,b65250b3d7fea02a23ca984a0a795d460d5f5d1fe2fab590336ef5cd680545a0,2026-09-03,business-economy-6346314794
2026-08-26,8fb5666498b7a03bb4f33c09714aa7bfdccfddc635da3b12b343667380dd3377,2026-09-03,business-economy-0453257275
2026-08-26,36233e2bd5bb37c9318d987e7054ac9b4a3e7e2312c82a6720dca597f446b5ea,2026-09-03,business-economy-0223313865
2026-08-26,a9b3a752a217da43c5fb43be741ab236f48cb46e6d579f69b3ff069e3757a2e9,2026-09-03,business-economy-6589657667
2026-08-26,2b9556507af4b2b3a63ef12221f2e3df39d966616b86a630fe1fa5ce14b04826,2026-09-03,business-economy-8821018291
2026-08-26,5ab98a7d17db5ef2ae4c578159e2abf24394a71355893a7ad8efff5b619cb18c,2026-09-03,business-economy-3980783346
2026-08-26,27be377be8640b654fddbbaea8007e1e61d0cef1a082b475a0446a5146a7978b,2026-09-03,business-economy-8373589861
2026-08-26,c1bc2d6d3aabd755725e05c3c70675832ff92494ebf402ef0c672e4a30e3de73,2026-09-03,business-economy-2100720469
2026-08-26,d024336d4c1d398e66f58532d0d89fc565cf2f5e39e4aa104ef5de4d5d3e2487,2026-09-03,business-economy-3572029838
2026-08-26,1050e2d68852a85a77237899a84ae1241991f7a68f22cef9742302a63dc7b0ff,2026-09-03,business-economy-3781696602
2026-08-26,65ab0a2c1175551d7f35c47941fbb3a41e5730b8b3b469899aa72f48ef52835f,2026-09-03,business-economy-3235984669
2026-08-26,fcdc842fbb64ee1f26ba1d3b094ba81a9d9acd3208dac1519912179bf4a8dd35,2026-09-03,business-economy-2976467487
2026-08-26,c2e6dd7d995a183c5421bdb18df350fc2aced7c6c99c77fd37665cdbe1bf15eb,2026-09-03,business-economy-9514939452
2026-08-26,b1371392257c0f7d3766970ad81ec4e278ae7bf8c8f16e55fef4e83a5d6e9306,2026-09-03,business-economy-6847371133
2026-08-26,2e355742541ec6720e25d9c121d93b6ccc836a9761b175df490edd4196fe760f,2026-09-03,world-1901110898
2026-08-26,801078f7dab5265129d0121049fab4ca219c6c6db3a5fa7deac075e02d904d46,2026-09-03,world-2403706449
2026-08-26,aca4a1483f22a57f241b5dd087933dc92464587bbc5d1f021d696387b9e295a4,2026-09-03,world-2373105023
2026-08-26,24613149ff315f8003c27b366e2f639ab2e2675b45f4faa28a904137854288ac,2026-09-03,world-1990138752
2026-08-26,b867d4b518aa7a14143ff4bddff5b9117fa8dd429f86aa9f247cea2c7c047e4b,2026-09-03,world-9847932436
2026-08-26,217bc8f5c9b143ee8f3f47bc52c5e566f17b9a7dcfe66a7ee25b3fe5f6dce045,2026-09-03,world-3363412974
2026-08-26,c81b8e7665b89de3092be3da4c984b681d1d4d3564fd4f444c89ef820bf83fb4,2026-09-03,world-1120657891
2026-08-26,1325b5955ccbfb3f49f2a43d200b7bb7a17d6be8012f2fd1ae559f559d7084c0,2026-09-03,world-3970551615
2026-08-26,a8bbce4a5d819be904013aef51ff2de5a9268a8bec96d189e08c823d6abe261f,2026-09-03,world-7808462825
2026-08-26,959a1db55f9dceab9142066f11b1cccafce8be552bb34af7e30c64b6f2dc6a5b,2026-09-03,world-2895167147
2026-08-26,9ee8b9965fe62286dcdbb97c1972627367bc398f37ec4a0dd620eb92689457c5,2026-09-03,world-8094636678
2026-08-26,f0d76527aaabb06645a827baad5bb1850770b8d9360b326c4bfd2f8b2f3e5fbc,2026-09-03,world-0137004134
2026-08-26,09d035a3be0afdd06abfde6a7fdca2c514c41824763bf7f9691893898b4a287a,2026-09-03,world-8881500624
2026-08-26,3177e8350ec2a39390c4720ef2e630f4ba1df9ba2053c7efcd85c3ae7e6ff46a,2026-09-03,world-4665584531
2026-08-26,2cf628cb769d6cce8ca6fbc906670e4da3979bf42b1c9c2ab71fa75f05d6e3da,2026-09-03,world-6273151182
2026-08-26,baa8c9af08a65e93d80cf732cfaadee5be19239daa7c49d12063e682b09855e9,2026-09-03,world-0743566995
2026-08-26,5f7852d7e8820a81b72187f7fcbd62b2d0ed7cf238674bffe8523f7e9ff556f0,2026-09-03,world-8080715393
2026-08-26,02b1e988d3e6607c9bec420ba1a316d18ce7ff61e76d71823a5082b84720e026,2026-09-03,world-2833556604
2026-08-26,245508d0586dd439ce53190fbfa340bf3bb11f215a737cbc97c207fd34b1afae,2026-09-03,world-9315623993
2026-08-26,18a0fdf7f6a12cbdfec38c43787893ce335944195c968a5a38e86f4b031f2cff,2026-09-03,world-4620482749
2026-08-26,933cf8b86029eeb97fea69d6235198c4c4113c37872e1f2fa513eb5a3f1318df,2026-09-03,world-2949077689
2026-08-26,dbdc37a26f1ab919eaf8285b64f71de3f8e6837eaf46f75cd81ce1658fb0c3cf,2026-09-03,world-9970814233
2026-08-26,f52b03845e9d6e5ca705b4a934db09b9e89a79c345e44174dc6fd111b280ba4c,2026-09-03,world-0348844636
2026-08-26,2c63a8520b06ea6c44cca0ccc98bc4fb30dc118ffa3134050c36be3565bf248b,2026-09-03,world-0688971372
2026-08-26,0a44c3f572746d36cd18b12024c6aceddf258c6f920d1b92b21f8f7b734e3234,2026-09-03,world-7750240566
2026-08-26,c1905ee9c49d5ecf48d7cb6d6d7147676b9acc8b6819222d8148ca2f6c5b2ba4,2026-09-03,world-4085464783
2026-08-26,38115f186624fc9fdb911029817547d1a2df3274cabf77c1cf63c3d256041a66,2026-09-03,world-9125599391
2026-08-26,37d597f8a2a695e6f04054cc07ff7e85007544355ff894322b1bae2d92f4f0ac,2026-09-03,world-6261916134
2026-08-26,fdeda5ca84da524ca43d9cd213ec419fde1481a391b6ab83f6ebc56e8fe86926,2026-09-03,world-0307070540
2026-08-26,6ad12de4edab3d2f8967eaee51b2dbcdc28b027d4fc6bb15929c66b7397e6aaa,2026-09-03,world-9416104239
2026-08-26,ae9d3b0128c28ff22338eec08bdff40fab490bdf145b0d1af1bb332f09bd81d2,2026-09-03,world-0107879410
2026-08-26,7b41190e536da6f1acaba3d6a049c3457a932650782d38252490e1ae4ac5e5cb,2026-09-03,india-9471260401
2026-08-26,c4a200a9e86bc4bf808d28caac4f52a01aa68640d6a244d64d6b8c88ed4fcf31,2026-09-03,india-7409851583
2026-08-26,ba085f625981e8b1e55720a9e42e9544ffc71dd92c63b48c3a62281222efd3b8,2026-09-03,india-6881401009
2026-08-26,9dcd1a5093f163ccb2f1951aa0a96fdd883d8f5f8b2c23f2beea13f65d86d093,2026-09-03,india-7562146764
2026-08-26,52536035a4ac957138f462c65a5da5649c7c69f437ce98601f89aec0e2e3c723,2026-09-03,india-7689382257
2026-08-26,d3e8f3ae48049b6248da12d100dc2064407f80daba12bd7605edd23740b7ecba,2026-09-03,india-6457787234
2026-08-26,8d98a94449c5a5dabef055cdf083b2a984813ea0cfa3e88c5c4e027ff2adb3d6,2026-09-03,india-6568418778
2026-08-26,5141521d03aaecee6d9bbbf2f13553ccedcd8096272f4a9edc4c9dd09c153e62,2026-09-03,india-5127418094
2026-08-26,9145c959f41051e6daa3902ec2a0843eb8a7c2d2101c9b0c7bf784fc0c9f1ff6,2026-09-03,india-7076568550
2026-08-26,926277eb73ed68452369be505d27baf0833b90be93cbe86120580a4dc09dd888,2026-09-03,india-0401081413
2026-08-26,f3e08f5c06ef37baf809cd036064e0ba18d55149ca2cde2be85e52a09f789741,2026-09-03,india-1415779258
2026-08-26,659407e19831cf499c70a3570f9304081c293b9012b79bfcaf1874999371d79a,2026-09-03,india-9886335817
2026-08-26,36f5d8c6319afd1a111fcdf2a335189475be6643ae2caf07d51daa0fcc6270db,2026-09-03,india-3089584410
2026-08-26,ce8174925e8a76042ca4f121f7647c60666c4e6c7705ffc4c038d37ebba5722d,2026-09-03,india-5809009156
2026-08-26,2994ccea8491fe7cc15a1e2e8e3b008b3dc8c6e73148369e0d3a4571d32bb45f,2026-09-03,india-9726796412
2026-08-26,1fb8203925816ee037ab4ab67a4963adc7fcd09fb9afe6d6affd6167a16bb272,2026-09-03,india-0704990944
2026-08-26,c9b6200af4a93f725490bd66ed38ed190b47d983cbc51cb0319aa9cb42142962,2026-09-03,india-8811348850
2026-08-26,24471b7c8b738697ffddfc115579ae2709b5976fb4260be791f2b91cb05bd5e8,2026-09-03,india-0441361047
2026-08-26,f8a42543271fb72bee8cceb5c6197c159a2c91b33d1fc5eaf37f760be324760a,2026-09-03,india-7936102187
2026-08-26,d67f0817c6cd9d5af4a6f88f0ae98a03eae2a06ebd916fd84a320adacdec2416,2026-09-03,india-4371465562
2026-08-26,749990cbc203d5f3db5fdd443511565cc9ee5a49a2a6e5ca4c790c5a25d18d0e,2026-09-03,india-4644163059
2026-08-26,4455756ddce352033370b29f000b1d9333c5838465f6de8407ff7d895d5cc3fe,2026-09-03,india-2317275651
2026-08-26,55b47085c2a8658d83484a7cea5657bf308cb9bc35d960361258364c78405e9a,2026-09-03,india-8830569869
2026-08-26,18cc604ad4e1a91fc234200dd73463a7a57cbfe1c03512d2f4a9fcda2fd80253,2026-09-03,india-6674649375
2026-08-26,d7c87948b49e52adb3e00239f81a425222620f91d889c9c0950b1f80a826f596,2026-09-03,india-6671518381
2026-08-26,3ae7d0acac29d6e996d730d3ca5f93c1dafdd13e90d8dccecc6da65005bd179a,2026-09-03,india-3861357289
2026-08-26,0e123d76c6ad99d29e7a640e93e9b96e9ab16e439ef5890550e9798ef693a8b1,2026-09-03,india-6460484050
2026-08-26,a1d2f2430cd14f2f2d3cc5cbf37fa8c5cfe9c3aca63cccbb9cf5703f0f57d5c5,2026-09-03,india-5007409967
2026-08-26,089bfba5d8876dd97cafd282e139815ffca75e80138234fd0f46f09a0ed0e0d3,2026-09-03,india-3414504921
2026-08-26,887bea597ded81f8aa30b630d1cd42572778073b7a7bccfa5bc78b89cb3f59ad,2026-09-03,india-1379316216
2026-08-26,680c1f97d23e2910d30fefb218c62bae390522527b8d2d3a8de93e868d650f27,2026-09-03,india-6592845072
2026-08-26,a3b2de788b3cb1c1d74f28be07aecc367f03f4392ed194fb61cbc2f148adcd99,2026-09-03,india-3350202817
2026-08-26,44b1a1f6f0258d7db4db0f295c472f7afac2c8dce6ea7404c11b6379010d2690,2026-09-03,india-7419905405
2026-08-26,22a69fbe6ed67650b1d8a3dc82818fde65849a4f4a7296fbf9c7421d51fb4f38,2026-09-03,india-3675670096
2026-08-26,37ebca72d79eb342aa469b186a02c76b184cb8f9019f3879c8c5fdf0a14c65a4,2026-09-03,india-6205625154
2026-08-26,898da5efc92444f656e79630d2b8290455d333e633363583c2fb239096334cdc,2026-09-03,india-4202693878
2026-08-26,71a3f954d054f1d7a5f9dd4effdd46da2a6c4900bb089e90d74661d2e456268e,2026-09-03,india-0157490647
2026-08-26,d37d34c2c1360b27c0beace57be6afb39b475bbeb67445e55fb33b99680527ab,2026-09-03,india-5161470759
