version,date,run_id,shard,span_name,count,total_ms,unattributed_ms
2026-09-06T15:00,2026-09-15,2026-09-15-35025756093,0,item,39,7364949,436
2026-09-06T15:00,2026-09-15,2026-09-15-35025756093,0,tag,20,16,
2026-09-06T15:00,2026-09-15,2026-09-15-35025756093,0,render_prompt,38,192,
2026-09-06T15:00,2026-09-15,2026-09-15-35025756093,0,parse_reply,19,16,
2026-09-06T15:00,2026-09-15,2026-09-15-35025756093,1,item,40,8989313,492
2026-09-06T15:00,2026-09-15,2026-09-15-35025756093,1,tag,20,23,
2026-09-06T15:00,2026-09-15,2026-09-15-35025756093,1,render_prompt,40,229,
2026-09-06T15:00,2026-09-15,2026-09-15-35025756093,1,parse_reply,20,21,
2026-09-06T15:00,2026-09-15,2026-09-15-35025756093,3,item,38,9356289,504
2026-09-06T15:00,2026-09-15,2026-09-15-35025756093,3,tag,20,20,
2026-09-06T15:00,2026-09-15,2026-09-15-35025756093,3,render_prompt,36,287,
2026-09-06T15:00,2026-09-15,2026-09-15-35025756093,3,parse_reply,18,30,
2026-09-06T15:00,2026-09-15,2026-09-15-35025756093,2,item,37,10186662,466
2026-09-06T15:00,2026-09-15,2026-09-15-35025756093,2,tag,20,32,
2026-09-06T15:00,2026-09-15,2026-09-15-35025756093,2,render_prompt,34,304,
2026-09-06T15:00,2026-09-15,2026-09-15-35025756093,2,parse_reply,17,34,
2026-09-06T15:00,2026-09-16,2026-09-16-35070051359,3,item,37,9941238,527
2026-09-06T15:00,2026-09-16,2026-09-16-35070051359,3,tag,20,20,
2026-09-06T15:00,2026-09-16,2026-09-16-35070051359,3,render_prompt,34,230,
2026-09-06T15:00,2026-09-16,2026-09-16-35070051359,3,parse_reply,17,20,
2026-09-06T15:00,2026-09-16,2026-09-16-35070051359,2,item,37,10548823,484
2026-09-06T15:00,2026-09-16,2026-09-16-35070051359,2,tag,20,18,
2026-09-06T15:00,2026-09-16,2026-09-16-35070051359,2,render_prompt,34,270,
2026-09-06T15:00,2026-09-16,2026-09-16-35070051359,2,parse_reply,17,37,
2026-09-06T15:00,2026-09-16,2026-09-16-35070051359,1,item,40,10906739,451
2026-09-06T15:00,2026-09-16,2026-09-16-35070051359,1,tag,20,19,
2026-09-06T15:00,2026-09-16,2026-09-16-35070051359,1,render_prompt,40,299,
2026-09-06T15:00,2026-09-16,2026-09-16-35070051359,1,parse_reply,20,41,
2026-09-06T15:00,2026-09-16,2026-09-16-35091687880,0,item,38,7973140,517
2026-09-06T15:00,2026-09-16,2026-09-16-35091687880,0,tag,20,18,
2026-09-06T15:00,2026-09-16,2026-09-16-35091687880,0,render_prompt,36,260,
2026-09-06T15:00,2026-09-16,2026-09-16-35091687880,0,parse_reply,18,26,
2026-09-06T15:00,2026-09-16,2026-09-16-35091687880,2,item,40,8629652,432
2026-09-06T15:00,2026-09-16,2026-09-16-35091687880,2,tag,20,15,
2026-09-06T15:00,2026-09-16,2026-09-16-35091687880,2,render_prompt,40,240,
2026-09-06T15:00,2026-09-16,2026-09-16-35091687880,2,parse_reply,20,23,
2026-09-06T15:00,2026-09-16,2026-09-16-35091687880,3,item,39,8880744,452
2026-09-06T15:00,2026-09-16,2026-09-16-35091687880,3,tag,20,15,
2026-09-06T15:00,2026-09-16,2026-09-16-35091687880,3,render_prompt,38,280,
2026-09-06T15:00,2026-09-16,2026-09-16-35091687880,3,parse_reply,19,31,
2026-09-06T15:00,2026-09-16,2026-09-16-35091687880,1,item,39,11023481,497
2026-09-06T15:00,2026-09-16,2026-09-16-35091687880,1,tag,20,18,
2026-09-06T15:00,2026-09-16,2026-09-16-35091687880,1,render_prompt,38,299,
2026-09-06T15:00,2026-09-16,2026-09-16-35091687880,1,parse_reply,19,31,
2026-09-06T15:00,2026-09-16,2026-09-16-35112294166,1,item,38,8296874,476
2026-09-06T15:00,2026-09-16,2026-09-16-35112294166,1,tag,20,14,
2026-09-06T15:00,2026-09-16,2026-09-16-35112294166,1,render_prompt,36,258,
2026-09-06T15:00,2026-09-16,2026-09-16-35112294166,1,parse_reply,18,28,
2026-09-06T15:00,2026-09-16,2026-09-16-35112294166,2,item,39,9455550,517
2026-09-06T15:00,2026-09-16,2026-09-16-35112294166,2,tag,20,15,
2026-09-06T15:00,2026-09-16,2026-09-16-35112294166,2,render_prompt,38,277,
2026-09-06T15:00,2026-09-16,2026-09-16-35112294166,2,parse_reply,19,28,
2026-09-06T15:00,2026-09-16,2026-09-16-35112294166,0,item,39,9942866,459
2026-09-06T15:00,2026-09-16,2026-09-16-35112294166,0,tag,20,15,
2026-09-06T15:00,2026-09-16,2026-09-16-35112294166,0,render_prompt,38,209,
2026-09-06T15:00,2026-09-16,2026-09-16-35112294166,0,parse_reply,19,17,
2026-09-06T15:00,2026-09-16,2026-09-16-35112294166,3,item,37,10740457,506
2026-09-06T15:00,2026-09-16,2026-09-16-35112294166,3,tag,20,17,
2026-09-06T15:00,2026-09-16,2026-09-16-35112294166,3,render_prompt,34,242,
2026-09-06T15:00,2026-09-16,2026-09-16-35112294166,3,parse_reply,17,22,
2026-09-06T15:00,2026-09-16,2026-09-16-35133054517,0,item,39,6885365,419
2026-09-06T15:00,2026-09-16,2026-09-16-35133054517,0,tag,20,15,
2026-09-06T15:00,2026-09-16,2026-09-16-35133054517,0,render_prompt,38,220,
2026-09-06T15:00,2026-09-16,2026-09-16-35133054517,0,parse_reply,19,30,
2026-09-06T15:00,2026-09-16,2026-09-16-35133054517,3,item,39,9209274,496
2026-09-06T15:00,2026-09-16,2026-09-16-35133054517,3,tag,20,19,
2026-09-06T15:00,2026-09-16,2026-09-16-35133054517,3,render_prompt,38,286,
2026-09-06T15:00,2026-09-16,2026-09-16-35133054517,3,parse_reply,19,30,
2026-09-06T15:00,2026-09-16,2026-09-16-35133054517,1,item,38,9383657,490
2026-09-06T15:00,2026-09-16,2026-09-16-35133054517,1,tag,20,15,
2026-09-06T15:00,2026-09-16,2026-09-16-35133054517,1,render_prompt,36,267,
2026-09-06T15:00,2026-09-16,2026-09-16-35133054517,1,parse_reply,18,29,
2026-09-06T15:00,2026-09-16,2026-09-16-35133054517,2,item,38,10205917,584
2026-09-06T15:00,2026-09-16,2026-09-16-35133054517,2,tag,20,18,
2026-09-06T15:00,2026-09-16,2026-09-16-35133054517,2,render_prompt,36,233,
2026-09-06T15:00,2026-09-16,2026-09-16-35133054517,2,parse_reply,18,19,
2026-09-06T15:00,2026-09-17,2026-09-17-35196099426,2,item,38,8512119,457
2026-09-06T15:00,2026-09-17,2026-09-17-35196099426,2,tag,20,14,
2026-09-06T15:00,2026-09-17,2026-09-17-35196099426,2,render_prompt,36,278,
2026-09-06T15:00,2026-09-17,2026-09-17-35196099426,2,parse_reply,18,35,
2026-09-06T15:00,2026-09-17,2026-09-17-35196099426,3,item,40,9412346,435
2026-09-06T15:00,2026-09-17,2026-09-17-35196099426,3,tag,20,15,
2026-09-06T15:00,2026-09-17,2026-09-17-35196099426,3,render_prompt,39,239,
2026-09-06T15:00,2026-09-17,2026-09-17-35196099426,3,parse_reply,19,21,
2026-09-06T15:00,2026-09-17,2026-09-17-35196099426,1,item,37,10002352,492
2026-09-06T15:00,2026-09-17,2026-09-17-35196099426,1,tag,20,18,
2026-09-06T15:00,2026-09-17,2026-09-17-35196099426,1,render_prompt,34,277,
2026-09-06T15:00,2026-09-17,2026-09-17-35196099426,1,parse_reply,17,29,
2026-09-06T15:00,2026-09-17,2026-09-17-35196099426,0,item,39,10522708,455
2026-09-06T15:00,2026-09-17,2026-09-17-35196099426,0,tag,20,17,
2026-09-06T15:00,2026-09-17,2026-09-17-35196099426,0,render_prompt,37,287,
2026-09-06T15:00,2026-09-17,2026-09-17-35196099426,0,parse_reply,18,29,
2026-09-06T15:00,2026-09-17,2026-09-17-35217503671,0,item,37,9507829,475
2026-09-06T15:00,2026-09-17,2026-09-17-35217503671,0,tag,20,14,
2026-09-06T15:00,2026-09-17,2026-09-17-35217503671,0,render_prompt,34,217,
2026-09-06T15:00,2026-09-17,2026-09-17-35217503671,0,parse_reply,17,22,
2026-09-06T15:00,2026-09-17,2026-09-17-35217503671,1,item,38,9969298,404
2026-09-06T15:00,2026-09-17,2026-09-17-35217503671,1,tag,20,14,
2026-09-06T15:00,2026-09-17,2026-09-17-35217503671,1,render_prompt,35,228,
2026-09-06T15:00,2026-09-17,2026-09-17-35217503671,1,parse_reply,17,25,
2026-09-06T15:00,2026-09-17,2026-09-17-35217503671,3,item,37,10454353,484
2026-09-06T15:00,2026-09-17,2026-09-17-35217503671,3,tag,20,35,
2026-09-06T15:00,2026-09-17,2026-09-17-35217503671,3,render_prompt,33,271,
2026-09-06T15:00,2026-09-17,2026-09-17-35217503671,3,parse_reply,16,32,
2026-09-06T15:00,2026-09-17,2026-09-17-35217503671,2,item,38,10421770,603
2026-09-06T15:00,2026-09-17,2026-09-17-35217503671,2,tag,20,21,
2026-09-06T15:00,2026-09-17,2026-09-17-35217503671,2,render_prompt,35,260,
2026-09-06T15:00,2026-09-17,2026-09-17-35217503671,2,parse_reply,17,20,
2026-09-06T15:00,2026-09-17,2026-09-17-35237475481,1,item,39,9598835,524
2026-09-06T15:00,2026-09-17,2026-09-17-35237475481,1,tag,20,17,
2026-09-06T15:00,2026-09-17,2026-09-17-35237475481,1,render_prompt,38,309,
2026-09-06T15:00,2026-09-17,2026-09-17-35237475481,1,parse_reply,19,30,
2026-09-06T15:00,2026-09-17,2026-09-17-35237475481,0,item,38,10271881,509
2026-09-06T15:00,2026-09-17,2026-09-17-35237475481,0,tag,20,38,
2026-09-06T15:00,2026-09-17,2026-09-17-35237475481,0,render_prompt,35,296,
2026-09-06T15:00,2026-09-17,2026-09-17-35237475481,0,parse_reply,17,38,
2026-09-06T15:00,2026-09-17,2026-09-17-35237475481,3,item,37,11000072,482
2026-09-06T15:00,2026-09-17,2026-09-17-35237475481,3,tag,20,27,
2026-09-06T15:00,2026-09-17,2026-09-17-35237475481,3,render_prompt,33,290,
2026-09-06T15:00,2026-09-17,2026-09-17-35237475481,3,parse_reply,16,30,
2026-09-06T15:00,2026-09-17,2026-09-17-35237475481,2,item,39,11430817,538
2026-09-06T15:00,2026-09-17,2026-09-17-35237475481,2,tag,20,24,
2026-09-06T15:00,2026-09-17,2026-09-17-35237475481,2,render_prompt,36,457,
2026-09-06T15:00,2026-09-17,2026-09-17-35237475481,2,parse_reply,17,32,
2026-09-06T15:00,2026-09-17,2026-09-17-35258122118,0,item,39,7973508,484
2026-09-06T15:00,2026-09-17,2026-09-17-35258122118,0,tag,20,15,
2026-09-06T15:00,2026-09-17,2026-09-17-35258122118,0,render_prompt,38,275,
2026-09-06T15:00,2026-09-17,2026-09-17-35258122118,0,parse_reply,19,29,
2026-09-06T15:00,2026-09-17,2026-09-17-35258122118,1,item,39,10312044,492
2026-09-06T15:00,2026-09-17,2026-09-17-35258122118,1,tag,20,22,
2026-09-06T15:00,2026-09-17,2026-09-17-35258122118,1,render_prompt,38,310,
2026-09-06T15:00,2026-09-17,2026-09-17-35258122118,1,parse_reply,19,31,
2026-09-06T15:00,2026-09-17,2026-09-17-35258122118,2,item,39,11099301,492
2026-09-06T15:00,2026-09-17,2026-09-17-35258122118,2,tag,20,27,
2026-09-06T15:00,2026-09-17,2026-09-17-35258122118,2,render_prompt,37,342,
2026-09-06T15:00,2026-09-17,2026-09-17-35258122118,2,parse_reply,18,35,
2026-09-06T15:00,2026-09-17,2026-09-17-35258122118,3,item,37,11378025,482
2026-09-06T15:00,2026-09-17,2026-09-17-35258122118,3,tag,20,38,
2026-09-06T15:00,2026-09-17,2026-09-17-35258122118,3,render_prompt,33,273,
2026-09-06T15:00,2026-09-17,2026-09-17-35258122118,3,parse_reply,16,30,
2026-09-06T15:00,2026-09-17,2026-09-17-35276874738,1,item,38,8708112,494
2026-09-06T15:00,2026-09-17,2026-09-17-35276874738,1,tag,20,20,
2026-09-06T15:00,2026-09-17,2026-09-17-35276874738,1,render_prompt,36,282,
2026-09-06T15:00,2026-09-17,2026-09-17-35276874738,1,parse_reply,18,31,
2026-09-06T15:00,2026-09-17,2026-09-17-35276874738,3,item,39,8758924,494
2026-09-06T15:00,2026-09-17,2026-09-17-35276874738,3,tag,20,18,
2026-09-06T15:00,2026-09-17,2026-09-17-35276874738,3,render_prompt,37,283,
2026-09-06T15:00,2026-09-17,2026-09-17-35276874738,3,parse_reply,18,34,
2026-09-06T15:00,2026-09-17,2026-09-17-35276874738,2,item,39,8785241,522
2026-09-06T15:00,2026-09-17,2026-09-17-35276874738,2,tag,20,21,
2026-09-06T15:00,2026-09-17,2026-09-17-35276874738,2,render_prompt,38,305,
2026-09-06T15:00,2026-09-17,2026-09-17-35276874738,2,parse_reply,19,40,
2026-09-06T15:00,2026-09-17,2026-09-17-35276874738,0,item,36,10722017,524
2026-09-06T15:00,2026-09-17,2026-09-17-35276874738,0,tag,20,22,
2026-09-06T15:00,2026-09-17,2026-09-17-35276874738,0,render_prompt,32,266,
2026-09-06T15:00,2026-09-17,2026-09-17-35276874738,0,parse_reply,16,31,
2026-09-06T15:00,2026-09-18,2026-09-18-35319453535,3,item,38,7272999,503
2026-09-06T15:00,2026-09-18,2026-09-18-35319453535,3,tag,20,10,
2026-09-06T15:00,2026-09-18,2026-09-18-35319453535,3,render_prompt,36,267,
2026-09-06T15:00,2026-09-18,2026-09-18-35319453535,3,parse_reply,18,26,
2026-09-06T15:00,2026-09-18,2026-09-18-35319453535,1,item,37,8510813,516
2026-09-06T15:00,2026-09-18,2026-09-18-35319453535,1,tag,20,17,
2026-09-06T15:00,2026-09-18,2026-09-18-35319453535,1,render_prompt,34,283,
2026-09-06T15:00,2026-09-18,2026-09-18-35319453535,1,parse_reply,17,27,
2026-09-06T15:00,2026-09-18,2026-09-18-35319453535,0,item,38,9702383,514
2026-09-06T15:00,2026-09-18,2026-09-18-35319453535,0,tag,20,14,
2026-09-06T15:00,2026-09-18,2026-09-18-35319453535,0,render_prompt,36,283,
2026-09-06T15:00,2026-09-18,2026-09-18-35319453535,0,parse_reply,18,30,
2026-09-06T15:00,2026-09-18,2026-09-18-35319453535,2,item,38,10081202,443
2026-09-06T15:00,2026-09-18,2026-09-18-35319453535,2,tag,20,26,
2026-09-06T15:00,2026-09-18,2026-09-18-35319453535,2,render_prompt,36,272,
2026-09-06T15:00,2026-09-18,2026-09-18-35319453535,2,parse_reply,18,25,
2026-09-06T15:00,2026-09-18,2026-09-18-35339202390,2,item,39,8781691,502
2026-09-06T15:00,2026-09-18,2026-09-18-35339202390,2,tag,20,22,
2026-09-06T15:00,2026-09-18,2026-09-18-35339202390,2,render_prompt,38,245,
2026-09-06T15:00,2026-09-18,2026-09-18-35339202390,2,parse_reply,19,20,
2026-09-06T15:00,2026-09-18,2026-09-18-35339202390,1,item,39,9598634,507
2026-09-06T15:00,2026-09-18,2026-09-18-35339202390,1,tag,20,17,
2026-09-06T15:00,2026-09-18,2026-09-18-35339202390,1,render_prompt,38,296,
2026-09-06T15:00,2026-09-18,2026-09-18-35339202390,1,parse_reply,19,27,
2026-09-06T15:00,2026-09-18,2026-09-18-35339202390,0,item,34,11011244,564
2026-09-06T15:00,2026-09-18,2026-09-18-35339202390,0,tag,20,27,
2026-09-06T15:00,2026-09-18,2026-09-18-35339202390,0,render_prompt,28,203,
2026-09-06T15:00,2026-09-18,2026-09-18-35339202390,0,parse_reply,14,20,
2026-09-06T15:00,2026-09-18,2026-09-18-35339202390,3,item,36,11393916,514
2026-09-06T15:00,2026-09-18,2026-09-18-35339202390,3,tag,20,18,
2026-09-06T15:00,2026-09-18,2026-09-18-35339202390,3,render_prompt,32,268,
2026-09-06T15:00,2026-09-18,2026-09-18-35339202390,3,parse_reply,16,34,
2026-09-06T15:00,2026-09-18,2026-09-18-35356796551,3,item,38,7851322,529
2026-09-06T15:00,2026-09-18,2026-09-18-35356796551,3,tag,20,11,
2026-09-06T15:00,2026-09-18,2026-09-18-35356796551,3,render_prompt,36,259,
2026-09-06T15:00,2026-09-18,2026-09-18-35356796551,3,parse_reply,18,32,
2026-09-06T15:00,2026-09-18,2026-09-18-35356796551,0,item,38,9381313,501
2026-09-06T15:00,2026-09-18,2026-09-18-35356796551,0,tag,20,21,
2026-09-06T15:00,2026-09-18,2026-09-18-35356796551,0,render_prompt,36,301,
2026-09-06T15:00,2026-09-18,2026-09-18-35356796551,0,parse_reply,18,36,
2026-09-06T15:00,2026-09-18,2026-09-18-35356796551,1,item,39,10377598,567
2026-09-06T15:00,2026-09-18,2026-09-18-35356796551,1,tag,20,27,
2026-09-06T15:00,2026-09-18,2026-09-18-35356796551,1,render_prompt,38,270,
2026-09-06T15:00,2026-09-18,2026-09-18-35356796551,1,parse_reply,19,24,
2026-09-06T15:00,2026-09-18,2026-09-18-35356796551,2,item,39,10660333,519
2026-09-06T15:00,2026-09-18,2026-09-18-35356796551,2,tag,20,25,
2026-09-06T15:00,2026-09-18,2026-09-18-35356796551,2,render_prompt,38,335,
2026-09-06T15:00,2026-09-18,2026-09-18-35356796551,2,parse_reply,19,42,
2026-09-06T15:00,2026-09-19,2026-09-19-35447179103,0,item,38,8524454,500
2026-09-06T15:00,2026-09-19,2026-09-19-35447179103,0,tag,20,21,
2026-09-06T15:00,2026-09-19,2026-09-19-35447179103,0,render_prompt,36,295,
2026-09-06T15:00,2026-09-19,2026-09-19-35447179103,0,parse_reply,18,39,
2026-09-06T15:00,2026-09-19,2026-09-19-35447179103,1,item,40,9883753,496
2026-09-06T15:00,2026-09-19,2026-09-19-35447179103,1,tag,20,18,
2026-09-06T15:00,2026-09-19,2026-09-19-35447179103,1,render_prompt,40,309,
2026-09-06T15:00,2026-09-19,2026-09-19-35447179103,1,parse_reply,20,40,
2026-09-06T15:00,2026-09-19,2026-09-19-35447179103,2,item,40,7193036,452
2026-09-06T15:00,2026-09-19,2026-09-19-35447179103,2,tag,20,16,
2026-09-06T15:00,2026-09-19,2026-09-19-35447179103,2,render_prompt,40,271,
2026-09-06T15:00,2026-09-19,2026-09-19-35447179103,2,parse_reply,20,31,
2026-09-06T15:00,2026-09-19,2026-09-19-35447179103,3,item,39,7687851,450
2026-09-06T15:00,2026-09-19,2026-09-19-35447179103,3,tag,20,13,
2026-09-06T15:00,2026-09-19,2026-09-19-35447179103,3,render_prompt,38,283,
2026-09-06T15:00,2026-09-19,2026-09-19-35447179103,3,parse_reply,19,37,
2026-09-06T15:00,2026-09-20,2026-09-20-35497768799,0,item,40,8265916,454
2026-09-06T15:00,2026-09-20,2026-09-20-35497768799,0,tag,20,17,
2026-09-06T15:00,2026-09-20,2026-09-20-35497768799,0,render_prompt,40,358,
2026-09-06T15:00,2026-09-20,2026-09-20-35497768799,0,parse_reply,20,34,
2026-09-06T15:00,2026-09-20,2026-09-20-35497768799,1,item,37,7663588,454
2026-09-06T15:00,2026-09-20,2026-09-20-35497768799,1,tag,20,15,
2026-09-06T15:00,2026-09-20,2026-09-20-35497768799,1,render_prompt,34,286,
2026-09-06T15:00,2026-09-20,2026-09-20-35497768799,1,parse_reply,17,35,
2026-09-06T15:00,2026-09-20,2026-09-20-35497768799,2,item,39,8723706,492
2026-09-06T15:00,2026-09-20,2026-09-20-35497768799,2,tag,20,18,
2026-09-06T15:00,2026-09-20,2026-09-20-35497768799,2,render_prompt,38,256,
2026-09-06T15:00,2026-09-20,2026-09-20-35497768799,2,parse_reply,19,33,
2026-09-06T15:00,2026-09-20,2026-09-20-35497768799,3,item,40,8036107,389
2026-09-06T15:00,2026-09-20,2026-09-20-35497768799,3,tag,20,14,
2026-09-06T15:00,2026-09-20,2026-09-20-35497768799,3,render_prompt,40,222,
2026-09-06T15:00,2026-09-20,2026-09-20-35497768799,3,parse_reply,20,18,
2026-09-06T15:00,2026-09-20,2026-09-20-35507975228,0,item,38,8678855,418
2026-09-06T15:00,2026-09-20,2026-09-20-35507975228,0,tag,20,20,
2026-09-06T15:00,2026-09-20,2026-09-20-35507975228,0,render_prompt,36,213,
2026-09-06T15:00,2026-09-20,2026-09-20-35507975228,0,parse_reply,18,34,
2026-09-06T15:00,2026-09-20,2026-09-20-35507975228,1,item,39,8046733,467
2026-09-06T15:00,2026-09-20,2026-09-20-35507975228,1,tag,20,20,
2026-09-06T15:00,2026-09-20,2026-09-20-35507975228,1,render_prompt,38,306,
2026-09-06T15:00,2026-09-20,2026-09-20-35507975228,1,parse_reply,19,31,
2026-09-06T15:00,2026-09-20,2026-09-20-35507975228,2,item,39,9042626,465
2026-09-06T15:00,2026-09-20,2026-09-20-35507975228,2,tag,20,19,
2026-09-06T15:00,2026-09-20,2026-09-20-35507975228,2,render_prompt,38,282,
2026-09-06T15:00,2026-09-20,2026-09-20-35507975228,2,parse_reply,19,38,
2026-09-06T15:00,2026-09-20,2026-09-20-35507975228,3,item,38,6138720,348
2026-09-06T15:00,2026-09-20,2026-09-20-35507975228,3,tag,20,18,
2026-09-06T15:00,2026-09-20,2026-09-20-35507975228,3,render_prompt,36,206,
2026-09-06T15:00,2026-09-20,2026-09-20-35507975228,3,parse_reply,18,27,
2026-09-06T15:00,2026-09-20,2026-09-20-35515848728,0,item,39,8974533,455
2026-09-06T15:00,2026-09-20,2026-09-20-35515848728,0,tag,20,14,
2026-09-06T15:00,2026-09-20,2026-09-20-35515848728,0,render_prompt,38,285,
2026-09-06T15:00,2026-09-20,2026-09-20-35515848728,0,parse_reply,19,34,
2026-09-06T15:00,2026-09-20,2026-09-20-35515848728,1,item,39,10096268,457
2026-09-06T15:00,2026-09-20,2026-09-20-35515848728,1,tag,20,13,
2026-09-06T15:00,2026-09-20,2026-09-20-35515848728,1,render_prompt,38,219,
2026-09-06T15:00,2026-09-20,2026-09-20-35515848728,1,parse_reply,19,15,
2026-09-06T15:00,2026-09-20,2026-09-20-35515848728,2,item,39,8915543,411
2026-09-06T15:00,2026-09-20,2026-09-20-35515848728,2,tag,20,22,
2026-09-06T15:00,2026-09-20,2026-09-20-35515848728,2,render_prompt,38,234,
2026-09-06T15:00,2026-09-20,2026-09-20-35515848728,2,parse_reply,19,28,
2026-09-06T15:00,2026-09-20,2026-09-20-35515848728,3,item,39,9268913,526
2026-09-06T15:00,2026-09-20,2026-09-20-35515848728,3,tag,20,20,
2026-09-06T15:00,2026-09-20,2026-09-20-35515848728,3,render_prompt,38,276,
2026-09-06T15:00,2026-09-20,2026-09-20-35515848728,3,parse_reply,19,32,
2026-09-06T15:00,2026-09-20,2026-09-20-35526075781,0,item,39,10481752,518
2026-09-06T15:00,2026-09-20,2026-09-20-35526075781,0,tag,20,16,
2026-09-06T15:00,2026-09-20,2026-09-20-35526075781,0,render_prompt,38,240,
2026-09-06T15:00,2026-09-20,2026-09-20-35526075781,0,parse_reply,19,22,
2026-09-06T15:00,2026-09-20,2026-09-20-35526075781,1,item,40,9138330,456
2026-09-06T15:00,2026-09-20,2026-09-20-35526075781,1,tag,20,18,
2026-09-06T15:00,2026-09-20,2026-09-20-35526075781,1,render_prompt,40,320,
2026-09-06T15:00,2026-09-20,2026-09-20-35526075781,1,parse_reply,20,34,
2026-09-06T15:00,2026-09-20,2026-09-20-35526075781,2,item,38,8153029,452
2026-09-06T15:00,2026-09-20,2026-09-20-35526075781,2,tag,20,13,
2026-09-06T15:00,2026-09-20,2026-09-20-35526075781,2,render_prompt,36,293,
2026-09-06T15:00,2026-09-20,2026-09-20-35526075781,2,parse_reply,18,28,
2026-09-06T15:00,2026-09-20,2026-09-20-35526075781,3,item,38,10704560,462
2026-09-06T15:00,2026-09-20,2026-09-20-35526075781,3,tag,20,20,
2026-09-06T15:00,2026-09-20,2026-09-20-35526075781,3,render_prompt,36,294,
2026-09-06T15:00,2026-09-20,2026-09-20-35526075781,3,parse_reply,18,32,
2026-09-06T15:00,2026-09-20,2026-09-20-35537015073,0,item,35,8583441,618
2026-09-06T15:00,2026-09-20,2026-09-20-35537015073,0,tag,18,21,
2026-09-06T15:00,2026-09-20,2026-09-20-35537015073,0,render_prompt,34,190,
2026-09-06T15:00,2026-09-20,2026-09-20-35537015073,0,parse_reply,17,17,
2026-09-06T15:00,2026-09-20,2026-09-20-35537015073,1,item,33,7574279,448
2026-09-06T15:00,2026-09-20,2026-09-20-35537015073,1,tag,17,12,
2026-09-06T15:00,2026-09-20,2026-09-20-35537015073,1,render_prompt,32,172,
2026-09-06T15:00,2026-09-20,2026-09-20-35537015073,1,parse_reply,16,13,
2026-09-06T15:00,2026-09-20,2026-09-20-35537015073,2,item,34,8292944,443
2026-09-06T15:00,2026-09-20,2026-09-20-35537015073,2,tag,17,17,
2026-09-06T15:00,2026-09-20,2026-09-20-35537015073,2,render_prompt,34,265,
2026-09-06T15:00,2026-09-20,2026-09-20-35537015073,2,parse_reply,17,33,
2026-09-06T15:00,2026-09-20,2026-09-20-35537015073,3,item,33,6359321,453
2026-09-06T15:00,2026-09-20,2026-09-20-35537015073,3,tag,17,9,
2026-09-06T15:00,2026-09-20,2026-09-20-35537015073,3,render_prompt,32,241,
2026-09-06T15:00,2026-09-20,2026-09-20-35537015073,3,parse_reply,16,26,
2026-09-06T15:00,2026-09-21,2026-09-21-35575635445,0,item,39,9508159,447
2026-09-06T15:00,2026-09-21,2026-09-21-35575635445,0,tag,20,19,
2026-09-06T15:00,2026-09-21,2026-09-21-35575635445,0,render_prompt,37,277,
2026-09-06T15:00,2026-09-21,2026-09-21-35575635445,0,parse_reply,18,22,
2026-09-06T15:00,2026-09-21,2026-09-21-35575635445,1,item,38,8255560,496
2026-09-06T15:00,2026-09-21,2026-09-21-35575635445,1,tag,20,11,
2026-09-06T15:00,2026-09-21,2026-09-21-35575635445,1,render_prompt,36,222,
2026-09-06T15:00,2026-09-21,2026-09-21-35575635445,1,parse_reply,18,16,
2026-09-06T15:00,2026-09-21,2026-09-21-35575635445,2,item,38,7157812,555
2026-09-06T15:00,2026-09-21,2026-09-21-35575635445,2,tag,20,9,
2026-09-06T15:00,2026-09-21,2026-09-21-35575635445,2,render_prompt,36,192,
2026-09-06T15:00,2026-09-21,2026-09-21-35575635445,2,parse_reply,18,17,
2026-09-06T15:00,2026-09-21,2026-09-21-35575635445,3,item,40,10610551,459
2026-09-06T15:00,2026-09-21,2026-09-21-35575635445,3,tag,20,14,
2026-09-06T15:00,2026-09-21,2026-09-21-35575635445,3,render_prompt,40,335,
2026-09-06T15:00,2026-09-21,2026-09-21-35575635445,3,parse_reply,20,28,
2026-09-06T15:00,2026-09-21,2026-09-21-35602243621,0,item,39,10663511,550
2026-09-06T15:00,2026-09-21,2026-09-21-35602243621,0,tag,20,19,
2026-09-06T15:00,2026-09-21,2026-09-21-35602243621,0,render_prompt,38,251,
2026-09-06T15:00,2026-09-21,2026-09-21-35602243621,0,parse_reply,19,20,
2026-09-06T15:00,2026-09-21,2026-09-21-35602243621,1,item,39,9929127,489
2026-09-06T15:00,2026-09-21,2026-09-21-35602243621,1,tag,20,22,
2026-09-06T15:00,2026-09-21,2026-09-21-35602243621,1,render_prompt,38,277,
2026-09-06T15:00,2026-09-21,2026-09-21-35602243621,1,parse_reply,19,47,
2026-09-06T15:00,2026-09-21,2026-09-21-35602243621,2,item,39,10617764,467
2026-09-06T15:00,2026-09-21,2026-09-21-35602243621,2,tag,20,22,
2026-09-06T15:00,2026-09-21,2026-09-21-35602243621,2,render_prompt,37,316,
2026-09-06T15:00,2026-09-21,2026-09-21-35602243621,2,parse_reply,18,29,
2026-09-06T15:00,2026-09-21,2026-09-21-35602243621,3,item,35,10742378,462
2026-09-06T15:00,2026-09-21,2026-09-21-35602243621,3,tag,20,15,
2026-09-06T15:00,2026-09-21,2026-09-21-35602243621,3,render_prompt,30,245,
2026-09-06T15:00,2026-09-21,2026-09-21-35602243621,3,parse_reply,15,20,
2026-09-06T15:00,2026-09-21,2026-09-21-35625832336,0,item,39,10542491,504
2026-09-06T15:00,2026-09-21,2026-09-21-35625832336,0,tag,20,26,
2026-09-06T15:00,2026-09-21,2026-09-21-35625832336,0,render_prompt,38,287,
2026-09-06T15:00,2026-09-21,2026-09-21-35625832336,0,parse_reply,19,24,
2026-09-06T15:00,2026-09-21,2026-09-21-35625832336,1,item,40,10006274,468
2026-09-06T15:00,2026-09-21,2026-09-21-35625832336,1,tag,20,16,
2026-09-06T15:00,2026-09-21,2026-09-21-35625832336,1,render_prompt,40,315,
2026-09-06T15:00,2026-09-21,2026-09-21-35625832336,1,parse_reply,20,28,
2026-09-06T15:00,2026-09-21,2026-09-21-35625832336,2,item,38,9627480,449
2026-09-06T15:00,2026-09-21,2026-09-21-35625832336,2,tag,20,25,
2026-09-06T15:00,2026-09-21,2026-09-21-35625832336,2,render_prompt,34,310,
2026-09-06T15:00,2026-09-21,2026-09-21-35625832336,2,parse_reply,16,26,
2026-09-06T15:00,2026-09-21,2026-09-21-35625832336,3,item,39,10410560,454
2026-09-06T15:00,2026-09-21,2026-09-21-35625832336,3,tag,20,23,
2026-09-06T15:00,2026-09-21,2026-09-21-35625832336,3,render_prompt,38,321,
2026-09-06T15:00,2026-09-21,2026-09-21-35625832336,3,parse_reply,19,37,
2026-09-06T15:00,2026-09-21,2026-09-21-35645482100,0,item,39,8648415,492
2026-09-06T15:00,2026-09-21,2026-09-21-35645482100,0,tag,20,17,
2026-09-06T15:00,2026-09-21,2026-09-21-35645482100,0,render_prompt,37,268,
2026-09-06T15:00,2026-09-21,2026-09-21-35645482100,0,parse_reply,18,26,
2026-09-06T15:00,2026-09-21,2026-09-21-35645482100,1,item,39,11140344,527
2026-09-06T15:00,2026-09-21,2026-09-21-35645482100,1,tag,20,26,
2026-09-06T15:00,2026-09-21,2026-09-21-35645482100,1,render_prompt,38,247,
2026-09-06T15:00,2026-09-21,2026-09-21-35645482100,1,parse_reply,19,21,
2026-09-06T15:00,2026-09-21,2026-09-21-35645482100,2,item,37,10161404,578
2026-09-06T15:00,2026-09-21,2026-09-21-35645482100,2,tag,20,17,
2026-09-06T15:00,2026-09-21,2026-09-21-35645482100,2,render_prompt,34,248,
2026-09-06T15:00,2026-09-21,2026-09-21-35645482100,2,parse_reply,17,24,
2026-09-06T15:00,2026-09-21,2026-09-21-35645482100,3,item,39,8254702,450
2026-09-06T15:00,2026-09-21,2026-09-21-35645482100,3,tag,20,16,
2026-09-06T15:00,2026-09-21,2026-09-21-35645482100,3,render_prompt,38,265,
2026-09-06T15:00,2026-09-21,2026-09-21-35645482100,3,parse_reply,19,29,
2026-09-06T15:00,2026-09-22,2026-09-22-35701213155,0,item,36,8759690,459
2026-09-06T15:00,2026-09-22,2026-09-22-35701213155,0,tag,20,17,
2026-09-06T15:00,2026-09-22,2026-09-22-35701213155,0,render_prompt,32,248,
2026-09-06T15:00,2026-09-22,2026-09-22-35701213155,0,parse_reply,16,35,
2026-09-06T15:00,2026-09-22,2026-09-22-35701213155,1,item,38,9046322,391
2026-09-06T15:00,2026-09-22,2026-09-22-35701213155,1,tag,20,11,
2026-09-06T15:00,2026-09-22,2026-09-22-35701213155,1,render_prompt,36,210,
2026-09-06T15:00,2026-09-22,2026-09-22-35701213155,1,parse_reply,18,22,
2026-09-06T15:00,2026-09-22,2026-09-22-35701213155,2,item,38,8292712,503
2026-09-06T15:00,2026-09-22,2026-09-22-35701213155,2,tag,20,9,
2026-09-06T15:00,2026-09-22,2026-09-22-35701213155,2,render_prompt,36,200,
2026-09-06T15:00,2026-09-22,2026-09-22-35701213155,2,parse_reply,18,16,
2026-09-06T15:00,2026-09-22,2026-09-22-35701213155,3,item,39,11046884,464
2026-09-06T15:00,2026-09-22,2026-09-22-35701213155,3,tag,20,22,
2026-09-06T15:00,2026-09-22,2026-09-22-35701213155,3,render_prompt,37,303,
2026-09-06T15:00,2026-09-22,2026-09-22-35701213155,3,parse_reply,18,31,
2026-09-06T15:00,2026-09-22,2026-09-22-35723106503,0,item,35,10355034,458
2026-09-06T15:00,2026-09-22,2026-09-22-35723106503,0,tag,20,21,
2026-09-06T15:00,2026-09-22,2026-09-22-35723106503,0,render_prompt,30,207,
2026-09-06T15:00,2026-09-22,2026-09-22-35723106503,0,parse_reply,15,24,
2026-09-06T15:00,2026-09-22,2026-09-22-35723106503,1,item,39,10850096,464
2026-09-06T15:00,2026-09-22,2026-09-22-35723106503,1,tag,20,22,
2026-09-06T15:00,2026-09-22,2026-09-22-35723106503,1,render_prompt,37,314,
2026-09-06T15:00,2026-09-22,2026-09-22-35723106503,1,parse_reply,18,33,
2026-09-06T15:00,2026-09-22,2026-09-22-35723106503,2,item,38,10237654,515
2026-09-06T15:00,2026-09-22,2026-09-22-35723106503,2,tag,20,13,
2026-09-06T15:00,2026-09-22,2026-09-22-35723106503,2,render_prompt,36,242,
2026-09-06T15:00,2026-09-22,2026-09-22-35723106503,2,parse_reply,18,21,
2026-09-06T15:00,2026-09-22,2026-09-22-35723106503,3,item,38,9242029,506
2026-09-06T15:00,2026-09-22,2026-09-22-35723106503,3,tag,20,18,
2026-09-06T15:00,2026-09-22,2026-09-22-35723106503,3,render_prompt,35,258,
2026-09-06T15:00,2026-09-22,2026-09-22-35723106503,3,parse_reply,17,24,
2026-09-06T15:00,2026-09-22,2026-09-22-35743751882,0,item,39,11343489,464
2026-09-06T15:00,2026-09-22,2026-09-22-35743751882,0,tag,20,24,
2026-09-06T15:00,2026-09-22,2026-09-22-35743751882,0,render_prompt,37,311,
2026-09-06T15:00,2026-09-22,2026-09-22-35743751882,0,parse_reply,18,31,
2026-09-06T15:00,2026-09-22,2026-09-22-35743751882,1,item,38,9071286,478
2026-09-06T15:00,2026-09-22,2026-09-22-35743751882,1,tag,20,20,
2026-09-06T15:00,2026-09-22,2026-09-22-35743751882,1,render_prompt,35,210,
2026-09-06T15:00,2026-09-22,2026-09-22-35743751882,1,parse_reply,17,13,
2026-09-06T15:00,2026-09-22,2026-09-22-35743751882,2,item,38,10816542,507
2026-09-06T15:00,2026-09-22,2026-09-22-35743751882,2,tag,20,22,
2026-09-06T15:00,2026-09-22,2026-09-22-35743751882,2,render_prompt,36,274,
2026-09-06T15:00,2026-09-22,2026-09-22-35743751882,2,parse_reply,18,39,
2026-09-06T15:00,2026-09-22,2026-09-22-35743751882,3,item,39,9911481,506
2026-09-06T15:00,2026-09-22,2026-09-22-35743751882,3,tag,20,23,
2026-09-06T15:00,2026-09-22,2026-09-22-35743751882,3,render_prompt,38,282,
2026-09-06T15:00,2026-09-22,2026-09-22-35743751882,3,parse_reply,19,34,
2026-09-06T15:00,2026-09-22,2026-09-22-35765182792,0,item,39,9415644,466
2026-09-06T15:00,2026-09-22,2026-09-22-35765182792,0,tag,20,15,
2026-09-06T15:00,2026-09-22,2026-09-22-35765182792,0,render_prompt,38,280,
2026-09-06T15:00,2026-09-22,2026-09-22-35765182792,0,parse_reply,19,29,
2026-09-06T15:00,2026-09-22,2026-09-22-35765182792,1,item,38,8140137,394
2026-09-06T15:00,2026-09-22,2026-09-22-35765182792,1,tag,20,21,
2026-09-06T15:00,2026-09-22,2026-09-22-35765182792,1,render_prompt,35,268,
2026-09-06T15:00,2026-09-22,2026-09-22-35765182792,1,parse_reply,17,28,
2026-09-06T15:00,2026-09-22,2026-09-22-35765182792,2,item,39,8286800,460
2026-09-06T15:00,2026-09-22,2026-09-22-35765182792,2,tag,20,13,
2026-09-06T15:00,2026-09-22,2026-09-22-35765182792,2,render_prompt,38,293,
2026-09-06T15:00,2026-09-22,2026-09-22-35765182792,2,parse_reply,19,29,
2026-09-06T15:00,2026-09-22,2026-09-22-35765182792,3,item,40,9931714,459
2026-09-06T15:00,2026-09-22,2026-09-22-35765182792,3,tag,20,20,
2026-09-06T15:00,2026-09-22,2026-09-22-35765182792,3,render_prompt,40,328,
2026-09-06T15:00,2026-09-22,2026-09-22-35765182792,3,parse_reply,20,33,
2026-09-06T15:00,2026-09-22,2026-09-22-35786586868,0,item,39,8699040,493
2026-09-06T15:00,2026-09-22,2026-09-22-35786586868,0,tag,20,17,
2026-09-06T15:00,2026-09-22,2026-09-22-35786586868,0,render_prompt,38,246,
2026-09-06T15:00,2026-09-22,2026-09-22-35786586868,0,parse_reply,19,23,
2026-09-06T15:00,2026-09-22,2026-09-22-35786586868,1,item,39,10587267,569
2026-09-06T15:00,2026-09-22,2026-09-22-35786586868,1,tag,20,39,
2026-09-06T15:00,2026-09-22,2026-09-22-35786586868,1,render_prompt,38,306,
2026-09-06T15:00,2026-09-22,2026-09-22-35786586868,1,parse_reply,19,32,
2026-09-06T15:00,2026-09-22,2026-09-22-35786586868,2,item,38,10662413,497
2026-09-06T15:00,2026-09-22,2026-09-22-35786586868,2,tag,20,21,
2026-09-06T15:00,2026-09-22,2026-09-22-35786586868,2,render_prompt,35,262,
2026-09-06T15:00,2026-09-22,2026-09-22-35786586868,2,parse_reply,17,22,
2026-09-06T15:00,2026-09-22,2026-09-22-35786586868,3,item,37,10431062,573
2026-09-06T15:00,2026-09-22,2026-09-22-35786586868,3,tag,20,19,
2026-09-06T15:00,2026-09-22,2026-09-22-35786586868,3,render_prompt,34,247,
2026-09-06T15:00,2026-09-22,2026-09-22-35786586868,3,parse_reply,17,25,
2026-09-06T15:00,2026-09-23,2026-09-23-35833646522,0,item,39,6724265,454
2026-09-06T15:00,2026-09-23,2026-09-23-35833646522,0,tag,20,12,
2026-09-06T15:00,2026-09-23,2026-09-23-35833646522,0,render_prompt,38,272,
2026-09-06T15:00,2026-09-23,2026-09-23-35833646522,0,parse_reply,19,31,
2026-09-06T15:00,2026-09-23,2026-09-23-35833646522,1,item,37,9584372,460
2026-09-06T15:00,2026-09-23,2026-09-23-35833646522,1,tag,20,20,
2026-09-06T15:00,2026-09-23,2026-09-23-35833646522,1,render_prompt,34,284,
2026-09-06T15:00,2026-09-23,2026-09-23-35833646522,1,parse_reply,17,24,
2026-09-06T15:00,2026-09-23,2026-09-23-35833646522,2,item,39,10996572,498
2026-09-06T15:00,2026-09-23,2026-09-23-35833646522,2,tag,20,27,
2026-09-06T15:00,2026-09-23,2026-09-23-35833646522,2,render_prompt,38,326,
2026-09-06T15:00,2026-09-23,2026-09-23-35833646522,2,parse_reply,19,44,
2026-09-06T15:00,2026-09-23,2026-09-23-35833646522,3,item,37,8236718,490
2026-09-06T15:00,2026-09-23,2026-09-23-35833646522,3,tag,20,10,
2026-09-06T15:00,2026-09-23,2026-09-23-35833646522,3,render_prompt,34,232,
2026-09-06T15:00,2026-09-23,2026-09-23-35833646522,3,parse_reply,17,30,
2026-09-06T15:00,2026-09-23,2026-09-23-35856164695,0,item,38,10849157,462
2026-09-06T15:00,2026-09-23,2026-09-23-35856164695,0,tag,20,18,
2026-09-06T15:00,2026-09-23,2026-09-23-35856164695,0,render_prompt,36,294,
2026-09-06T15:00,2026-09-23,2026-09-23-35856164695,0,parse_reply,18,25,
2026-09-06T15:00,2026-09-23,2026-09-23-35856164695,1,item,37,10832192,498
2026-09-06T15:00,2026-09-23,2026-09-23-35856164695,1,tag,20,15,
2026-09-06T15:00,2026-09-23,2026-09-23-35856164695,1,render_prompt,34,255,
2026-09-06T15:00,2026-09-23,2026-09-23-35856164695,1,parse_reply,17,24,
2026-09-06T15:00,2026-09-23,2026-09-23-35856164695,2,item,37,8161448,470
2026-09-06T15:00,2026-09-23,2026-09-23-35856164695,2,tag,20,17,
2026-09-06T15:00,2026-09-23,2026-09-23-35856164695,2,render_prompt,34,256,
2026-09-06T15:00,2026-09-23,2026-09-23-35856164695,2,parse_reply,17,24,
2026-09-06T15:00,2026-09-23,2026-09-23-35856164695,3,item,40,9812790,498
2026-09-06T15:00,2026-09-23,2026-09-23-35856164695,3,tag,20,26,
2026-09-06T15:00,2026-09-23,2026-09-23-35856164695,3,render_prompt,40,290,
2026-09-06T15:00,2026-09-23,2026-09-23-35856164695,3,parse_reply,20,28,
2026-09-06T15:00,2026-09-23,2026-09-23-35878547663,0,item,38,8258186,401
2026-09-06T15:00,2026-09-23,2026-09-23-35878547663,0,tag,20,13,
2026-09-06T15:00,2026-09-23,2026-09-23-35878547663,0,render_prompt,36,206,
2026-09-06T15:00,2026-09-23,2026-09-23-35878547663,0,parse_reply,18,15,
2026-09-06T15:00,2026-09-23,2026-09-23-35878547663,1,item,37,11248595,565
2026-09-06T15:00,2026-09-23,2026-09-23-35878547663,1,tag,20,20,
2026-09-06T15:00,2026-09-23,2026-09-23-35878547663,1,render_prompt,33,234,
2026-09-06T15:00,2026-09-23,2026-09-23-35878547663,1,parse_reply,16,20,
2026-09-06T15:00,2026-09-23,2026-09-23-35878547663,2,item,39,11307153,501
2026-09-06T15:00,2026-09-23,2026-09-23-35878547663,2,tag,20,25,
2026-09-06T15:00,2026-09-23,2026-09-23-35878547663,2,render_prompt,36,369,
2026-09-06T15:00,2026-09-23,2026-09-23-35878547663,2,parse_reply,17,23,
2026-09-06T15:00,2026-09-23,2026-09-23-35878547663,3,item,39,7919538,464
2026-09-06T15:00,2026-09-23,2026-09-23-35878547663,3,tag,20,18,
2026-09-06T15:00,2026-09-23,2026-09-23-35878547663,3,render_prompt,38,280,
2026-09-06T15:00,2026-09-23,2026-09-23-35878547663,3,parse_reply,19,32,
2026-09-06T15:00,2026-09-23,2026-09-23-35902399159,0,item,36,8228945,462
2026-09-06T15:00,2026-09-23,2026-09-23-35902399159,0,tag,20,23,
2026-09-06T15:00,2026-09-23,2026-09-23-35902399159,0,render_prompt,31,228,
2026-09-06T15:00,2026-09-23,2026-09-23-35902399159,0,parse_reply,15,29,
2026-09-06T15:00,2026-09-23,2026-09-23-35902399159,1,item,39,7444127,396
2026-09-06T15:00,2026-09-23,2026-09-23-35902399159,1,tag,20,14,
2026-09-06T15:00,2026-09-23,2026-09-23-35902399159,1,render_prompt,38,209,
2026-09-06T15:00,2026-09-23,2026-09-23-35902399159,1,parse_reply,19,23,
2026-09-06T15:00,2026-09-23,2026-09-23-35902399159,2,item,38,10874220,520
2026-09-06T15:00,2026-09-23,2026-09-23-35902399159,2,tag,20,24,
2026-09-06T15:00,2026-09-23,2026-09-23-35902399159,2,render_prompt,36,285,
2026-09-06T15:00,2026-09-23,2026-09-23-35902399159,2,parse_reply,18,29,
2026-09-06T15:00,2026-09-23,2026-09-23-35902399159,3,item,40,10546686,463
2026-09-06T15:00,2026-09-23,2026-09-23-35902399159,3,tag,20,25,
2026-09-06T15:00,2026-09-23,2026-09-23-35902399159,3,render_prompt,38,334,
2026-09-06T15:00,2026-09-23,2026-09-23-35902399159,3,parse_reply,18,32,
2026-09-06T15:00,2026-09-23,2026-09-23-35923303933,0,item,38,7327498,453
2026-09-06T15:00,2026-09-23,2026-09-23-35923303933,0,tag,20,12,
2026-09-06T15:00,2026-09-23,2026-09-23-35923303933,0,render_prompt,36,250,
2026-09-06T15:00,2026-09-23,2026-09-23-35923303933,0,parse_reply,18,29,
2026-09-06T15:00,2026-09-23,2026-09-23-35923303933,1,item,39,10144510,457
2026-09-06T15:00,2026-09-23,2026-09-23-35923303933,1,tag,20,21,
2026-09-06T15:00,2026-09-23,2026-09-23-35923303933,1,render_prompt,37,304,
2026-09-06T15:00,2026-09-23,2026-09-23-35923303933,1,parse_reply,18,35,
2026-09-06T15:00,2026-09-23,2026-09-23-35923303933,2,item,37,8989067,461
2026-09-06T15:00,2026-09-23,2026-09-23-35923303933,2,tag,20,25,
2026-09-06T15:00,2026-09-23,2026-09-23-35923303933,2,render_prompt,33,275,
2026-09-06T15:00,2026-09-23,2026-09-23-35923303933,2,parse_reply,16,28,
2026-09-06T15:00,2026-09-23,2026-09-23-35923303933,3,item,40,10125133,494
2026-09-06T15:00,2026-09-23,2026-09-23-35923303933,3,tag,20,26,
2026-09-06T15:00,2026-09-23,2026-09-23-35923303933,3,render_prompt,40,302,
2026-09-06T15:00,2026-09-23,2026-09-23-35923303933,3,parse_reply,20,40,
2026-09-06T15:00,2026-09-24,2026-09-24-35970712817,0,item,38,7787738,432
2026-09-06T15:00,2026-09-24,2026-09-24-35970712817,0,tag,20,13,
2026-09-06T15:00,2026-09-24,2026-09-24-35970712817,0,render_prompt,36,206,
2026-09-06T15:00,2026-09-24,2026-09-24-35970712817,0,parse_reply,18,19,
2026-09-06T15:00,2026-09-24,2026-09-24-35970712817,1,item,38,5056122,331
2026-09-06T15:00,2026-09-24,2026-09-24-35970712817,1,tag,20,10,
2026-09-06T15:00,2026-09-24,2026-09-24-35970712817,1,render_prompt,36,141,
2026-09-06T15:00,2026-09-24,2026-09-24-35970712817,1,parse_reply,18,15,
2026-09-06T15:00,2026-09-24,2026-09-24-35970712817,2,item,39,10883627,485
2026-09-06T15:00,2026-09-24,2026-09-24-35970712817,2,tag,20,29,
2026-09-06T15:00,2026-09-24,2026-09-24-35970712817,2,render_prompt,37,309,
2026-09-06T15:00,2026-09-24,2026-09-24-35970712817,2,parse_reply,18,39,
2026-09-06T15:00,2026-09-24,2026-09-24-35970712817,3,item,39,10669114,500
2026-09-06T15:00,2026-09-24,2026-09-24-35970712817,3,tag,20,18,
2026-09-06T15:00,2026-09-24,2026-09-24-35970712817,3,render_prompt,38,278,
2026-09-06T15:00,2026-09-24,2026-09-24-35970712817,3,parse_reply,19,24,
2026-09-06T15:00,2026-09-24,2026-09-24-35995505585,0,item,39,9952914,462
2026-09-06T15:00,2026-09-24,2026-09-24-35995505585,0,tag,20,25,
2026-09-06T15:00,2026-09-24,2026-09-24-35995505585,0,render_prompt,38,297,
2026-09-06T15:00,2026-09-24,2026-09-24-35995505585,0,parse_reply,19,28,
2026-09-06T15:00,2026-09-24,2026-09-24-35995505585,1,item,37,7996403,465
2026-09-06T15:00,2026-09-24,2026-09-24-35995505585,1,tag,20,15,
2026-09-06T15:00,2026-09-24,2026-09-24-35995505585,1,render_prompt,33,243,
2026-09-06T15:00,2026-09-24,2026-09-24-35995505585,1,parse_reply,16,17,
2026-09-06T15:00,2026-09-24,2026-09-24-35995505585,2,item,38,8498306,464
2026-09-06T15:00,2026-09-24,2026-09-24-35995505585,2,tag,20,15,
2026-09-06T15:00,2026-09-24,2026-09-24-35995505585,2,render_prompt,36,278,
2026-09-06T15:00,2026-09-24,2026-09-24-35995505585,2,parse_reply,18,23,
2026-09-06T15:00,2026-09-24,2026-09-24-35995505585,3,item,40,10802461,458
2026-09-06T15:00,2026-09-24,2026-09-24-35995505585,3,tag,20,21,
2026-09-06T15:00,2026-09-24,2026-09-24-35995505585,3,render_prompt,40,327,
2026-09-06T15:00,2026-09-24,2026-09-24-35995505585,3,parse_reply,20,32,
2026-09-06T15:00,2026-09-24,2026-09-24-36017890153,0,item,38,7341680,438
2026-09-06T15:00,2026-09-24,2026-09-24-36017890153,0,tag,20,13,
2026-09-06T15:00,2026-09-24,2026-09-24-36017890153,0,render_prompt,36,245,
2026-09-06T15:00,2026-09-24,2026-09-24-36017890153,0,parse_reply,18,19,
2026-09-06T15:00,2026-09-24,2026-09-24-36017890153,1,item,39,9988127,467
2026-09-06T15:00,2026-09-24,2026-09-24-36017890153,1,tag,20,23,
2026-09-06T15:00,2026-09-24,2026-09-24-36017890153,1,render_prompt,38,302,
2026-09-06T15:00,2026-09-24,2026-09-24-36017890153,1,parse_reply,19,31,
2026-09-06T15:00,2026-09-24,2026-09-24-36017890153,2,item,38,6673285,395
2026-09-06T15:00,2026-09-24,2026-09-24-36017890153,2,tag,20,12,
2026-09-06T15:00,2026-09-24,2026-09-24-36017890153,2,render_prompt,36,202,
2026-09-06T15:00,2026-09-24,2026-09-24-36017890153,2,parse_reply,18,12,
2026-09-06T15:00,2026-09-24,2026-09-24-36017890153,3,item,40,8535851,412
2026-09-06T15:00,2026-09-24,2026-09-24-36017890153,3,tag,20,17,
2026-09-06T15:00,2026-09-24,2026-09-24-36017890153,3,render_prompt,40,234,
2026-09-06T15:00,2026-09-24,2026-09-24-36017890153,3,parse_reply,20,15,
2026-09-06T15:00,2026-09-24,2026-09-24-36041313894,0,item,38,6334490,467
2026-09-06T15:00,2026-09-24,2026-09-24-36041313894,0,tag,20,15,
2026-09-06T15:00,2026-09-24,2026-09-24-36041313894,0,render_prompt,36,236,
2026-09-06T15:00,2026-09-24,2026-09-24-36041313894,0,parse_reply,18,27,
2026-09-06T15:00,2026-09-24,2026-09-24-36041313894,1,item,39,6181318,395
2026-09-06T15:00,2026-09-24,2026-09-24-36041313894,1,tag,20,11,
2026-09-06T15:00,2026-09-24,2026-09-24-36041313894,1,render_prompt,38,198,
2026-09-06T15:00,2026-09-24,2026-09-24-36041313894,1,parse_reply,19,24,
2026-09-06T15:00,2026-09-24,2026-09-24-36041313894,2,item,38,7963439,469
2026-09-06T15:00,2026-09-24,2026-09-24-36041313894,2,tag,20,19,
2026-09-06T15:00,2026-09-24,2026-09-24-36041313894,2,render_prompt,36,196,
2026-09-06T15:00,2026-09-24,2026-09-24-36041313894,2,parse_reply,18,21,
2026-09-06T15:00,2026-09-24,2026-09-24-36041313894,3,item,40,8859025,461
2026-09-06T15:00,2026-09-24,2026-09-24-36041313894,3,tag,20,16,
2026-09-06T15:00,2026-09-24,2026-09-24-36041313894,3,render_prompt,40,276,
2026-09-06T15:00,2026-09-24,2026-09-24-36041313894,3,parse_reply,20,28,
2026-09-06T15:00,2026-09-24,2026-09-24-36062464588,0,item,39,9173468,402
2026-09-06T15:00,2026-09-24,2026-09-24-36062464588,0,tag,20,20,
2026-09-06T15:00,2026-09-24,2026-09-24-36062464588,0,render_prompt,36,243,
2026-09-06T15:00,2026-09-24,2026-09-24-36062464588,0,parse_reply,17,11,
2026-09-06T15:00,2026-09-24,2026-09-24-36062464588,1,item,39,8506729,457
2026-09-06T15:00,2026-09-24,2026-09-24-36062464588,1,tag,20,17,
2026-09-06T15:00,2026-09-24,2026-09-24-36062464588,1,render_prompt,38,275,
2026-09-06T15:00,2026-09-24,2026-09-24-36062464588,1,parse_reply,19,47,
2026-09-06T15:00,2026-09-24,2026-09-24-36062464588,2,item,40,8790889,463
2026-09-06T15:00,2026-09-24,2026-09-24-36062464588,2,tag,20,16,
2026-09-06T15:00,2026-09-24,2026-09-24-36062464588,2,render_prompt,40,307,
2026-09-06T15:00,2026-09-24,2026-09-24-36062464588,2,parse_reply,20,20,
2026-09-06T15:00,2026-09-24,2026-09-24-36062464588,3,item,39,9457784,492
2026-09-06T15:00,2026-09-24,2026-09-24-36062464588,3,tag,20,27,
2026-09-06T15:00,2026-09-24,2026-09-24-36062464588,3,render_prompt,38,274,
2026-09-06T15:00,2026-09-24,2026-09-24-36062464588,3,parse_reply,19,25,
2026-09-06T15:00,2026-09-25,2026-09-25-36110083579,0,item,38,8588370,461
2026-09-06T15:00,2026-09-25,2026-09-25-36110083579,0,tag,20,17,
2026-09-06T15:00,2026-09-25,2026-09-25-36110083579,0,render_prompt,36,270,
2026-09-06T15:00,2026-09-25,2026-09-25-36110083579,0,parse_reply,18,20,
2026-09-06T15:00,2026-09-25,2026-09-25-36110083579,1,item,38,7856230,465
2026-09-06T15:00,2026-09-25,2026-09-25-36110083579,1,tag,20,15,
2026-09-06T15:00,2026-09-25,2026-09-25-36110083579,1,render_prompt,36,272,
2026-09-06T15:00,2026-09-25,2026-09-25-36110083579,1,parse_reply,18,32,
2026-09-06T15:00,2026-09-25,2026-09-25-36110083579,2,item,40,8728198,492
2026-09-06T15:00,2026-09-25,2026-09-25-36110083579,2,tag,20,15,
2026-09-06T15:00,2026-09-25,2026-09-25-36110083579,2,render_prompt,40,274,
2026-09-06T15:00,2026-09-25,2026-09-25-36110083579,2,parse_reply,20,27,
2026-09-06T15:00,2026-09-25,2026-09-25-36110083579,3,item,38,6900123,464
2026-09-06T15:00,2026-09-25,2026-09-25-36110083579,3,tag,20,10,
2026-09-06T15:00,2026-09-25,2026-09-25-36110083579,3,render_prompt,36,251,
2026-09-06T15:00,2026-09-25,2026-09-25-36110083579,3,parse_reply,18,16,
2026-09-06T15:00,2026-09-25,2026-09-25-36132006504,0,item,38,10404050,465
2026-09-06T15:00,2026-09-25,2026-09-25-36132006504,0,tag,20,27,
2026-09-06T15:00,2026-09-25,2026-09-25-36132006504,0,render_prompt,36,302,
2026-09-06T15:00,2026-09-25,2026-09-25-36132006504,0,parse_reply,18,31,
2026-09-06T15:00,2026-09-25,2026-09-25-36132006504,1,item,37,8741106,458
2026-09-06T15:00,2026-09-25,2026-09-25-36132006504,1,tag,20,22,
2026-09-06T15:00,2026-09-25,2026-09-25-36132006504,1,render_prompt,34,263,
2026-09-06T15:00,2026-09-25,2026-09-25-36132006504,1,parse_reply,17,29,
2026-09-06T15:00,2026-09-25,2026-09-25-36132006504,2,item,38,10492797,494
2026-09-06T15:00,2026-09-25,2026-09-25-36132006504,2,tag,20,29,
2026-09-06T15:00,2026-09-25,2026-09-25-36132006504,2,render_prompt,35,282,
2026-09-06T15:00,2026-09-25,2026-09-25-36132006504,2,parse_reply,17,25,
2026-09-06T15:00,2026-09-25,2026-09-25-36132006504,3,item,39,9007817,524
2026-09-06T15:00,2026-09-25,2026-09-25-36132006504,3,tag,20,21,
2026-09-06T15:00,2026-09-25,2026-09-25-36132006504,3,render_prompt,38,247,
2026-09-06T15:00,2026-09-25,2026-09-25-36132006504,3,parse_reply,19,21,
2026-09-06T15:00,2026-09-25,2026-09-25-36153136821,0,item,40,11001166,479
2026-09-06T15:00,2026-09-25,2026-09-25-36153136821,0,tag,20,21,
2026-09-06T15:00,2026-09-25,2026-09-25-36153136821,0,render_prompt,40,304,
2026-09-06T15:00,2026-09-25,2026-09-25-36153136821,0,parse_reply,20,31,
2026-09-06T15:00,2026-09-25,2026-09-25-36153136821,1,item,38,7544811,461
2026-09-06T15:00,2026-09-25,2026-09-25-36153136821,1,tag,20,16,
2026-09-06T15:00,2026-09-25,2026-09-25-36153136821,1,render_prompt,36,254,
2026-09-06T15:00,2026-09-25,2026-09-25-36153136821,1,parse_reply,18,20,
2026-09-06T15:00,2026-09-25,2026-09-25-36153136821,2,item,39,6758721,568
2026-09-06T15:00,2026-09-25,2026-09-25-36153136821,2,tag,20,17,
2026-09-06T15:00,2026-09-25,2026-09-25-36153136821,2,render_prompt,38,251,
2026-09-06T15:00,2026-09-25,2026-09-25-36153136821,2,parse_reply,19,15,
2026-09-06T15:00,2026-09-25,2026-09-25-36153136821,3,item,38,7733832,396
2026-09-06T15:00,2026-09-25,2026-09-25-36153136821,3,tag,20,11,
2026-09-06T15:00,2026-09-25,2026-09-25-36153136821,3,render_prompt,36,202,
2026-09-06T15:00,2026-09-25,2026-09-25-36153136821,3,parse_reply,18,22,
2026-09-06T15:00,2026-09-25,2026-09-25-36175113560,0,item,39,8977342,455
2026-09-06T15:00,2026-09-25,2026-09-25-36175113560,0,tag,20,21,
2026-09-06T15:00,2026-09-25,2026-09-25-36175113560,0,render_prompt,37,260,
2026-09-06T15:00,2026-09-25,2026-09-25-36175113560,0,parse_reply,18,23,
2026-09-06T15:00,2026-09-25,2026-09-25-36175113560,1,item,39,7981391,510
2026-09-06T15:00,2026-09-25,2026-09-25-36175113560,1,tag,20,11,
2026-09-06T15:00,2026-09-25,2026-09-25-36175113560,1,render_prompt,38,232,
2026-09-06T15:00,2026-09-25,2026-09-25-36175113560,1,parse_reply,19,10,
2026-09-06T15:00,2026-09-25,2026-09-25-36175113560,2,item,39,10584030,466
2026-09-06T15:00,2026-09-25,2026-09-25-36175113560,2,tag,20,16,
2026-09-06T15:00,2026-09-25,2026-09-25-36175113560,2,render_prompt,38,298,
2026-09-06T15:00,2026-09-25,2026-09-25-36175113560,2,parse_reply,19,23,
2026-09-06T15:00,2026-09-25,2026-09-25-36175113560,3,item,37,7518525,465
2026-09-06T15:00,2026-09-25,2026-09-25-36175113560,3,tag,20,16,
2026-09-06T15:00,2026-09-25,2026-09-25-36175113560,3,render_prompt,34,264,
2026-09-06T15:00,2026-09-25,2026-09-25-36175113560,3,parse_reply,17,18,
2026-09-06T15:00,2026-09-25,2026-09-25-36192763223,0,item,38,11071450,464
2026-09-06T15:00,2026-09-25,2026-09-25-36192763223,0,tag,20,26,
2026-09-06T15:00,2026-09-25,2026-09-25-36192763223,0,render_prompt,35,268,
2026-09-06T15:00,2026-09-25,2026-09-25-36192763223,0,parse_reply,17,25,
2026-09-06T15:00,2026-09-25,2026-09-25-36192763223,1,item,39,6453274,467
2026-09-06T15:00,2026-09-25,2026-09-25-36192763223,1,tag,20,7,
2026-09-06T15:00,2026-09-25,2026-09-25-36192763223,1,render_prompt,38,157,
2026-09-06T15:00,2026-09-25,2026-09-25-36192763223,1,parse_reply,19,7,
2026-09-06T15:00,2026-09-25,2026-09-25-36192763223,2,item,39,8755677,454
2026-09-06T15:00,2026-09-25,2026-09-25-36192763223,2,tag,20,16,
2026-09-06T15:00,2026-09-25,2026-09-25-36192763223,2,render_prompt,38,268,
2026-09-06T15:00,2026-09-25,2026-09-25-36192763223,2,parse_reply,19,27,
2026-09-06T15:00,2026-09-25,2026-09-25-36192763223,3,item,40,8777278,433
2026-09-06T15:00,2026-09-25,2026-09-25-36192763223,3,tag,20,15,
2026-09-06T15:00,2026-09-25,2026-09-25-36192763223,3,render_prompt,39,182,
2026-09-06T15:00,2026-09-25,2026-09-25-36192763223,3,parse_reply,19,15,
2026-09-06T15:00,2026-09-26,2026-09-26-36227868672,0,item,38,5096750,352
2026-09-06T15:00,2026-09-26,2026-09-26-36227868672,0,tag,20,16,
2026-09-06T15:00,2026-09-26,2026-09-26-36227868672,0,render_prompt,36,148,
2026-09-06T15:00,2026-09-26,2026-09-26-36227868672,0,parse_reply,18,10,
2026-09-06T15:00,2026-09-26,2026-09-26-36227868672,1,item,38,6897275,458
2026-09-06T15:00,2026-09-26,2026-09-26-36227868672,1,tag,20,8,
2026-09-06T15:00,2026-09-26,2026-09-26-36227868672,1,render_prompt,36,239,
2026-09-06T15:00,2026-09-26,2026-09-26-36227868672,1,parse_reply,18,12,
2026-09-06T15:00,2026-09-26,2026-09-26-36227868672,2,item,40,8310059,453
2026-09-06T15:00,2026-09-26,2026-09-26-36227868672,2,tag,20,14,
2026-09-06T15:00,2026-09-26,2026-09-26-36227868672,2,render_prompt,40,274,
2026-09-06T15:00,2026-09-26,2026-09-26-36227868672,2,parse_reply,20,20,
2026-09-06T15:00,2026-09-26,2026-09-26-36227868672,3,item,37,5208583,438
2026-09-06T15:00,2026-09-26,2026-09-26-36227868672,3,tag,20,8,
2026-09-06T15:00,2026-09-26,2026-09-26-36227868672,3,render_prompt,34,145,
2026-09-06T15:00,2026-09-26,2026-09-26-36227868672,3,parse_reply,17,12,
2026-09-06T15:00,2026-09-26,2026-09-26-36238966556,0,item,38,8478282,455
2026-09-06T15:00,2026-09-26,2026-09-26-36238966556,0,tag,20,18,
2026-09-06T15:00,2026-09-26,2026-09-26-36238966556,0,render_prompt,36,251,
2026-09-06T15:00,2026-09-26,2026-09-26-36238966556,0,parse_reply,18,27,
2026-09-06T15:00,2026-09-26,2026-09-26-36238966556,1,item,39,8122929,462
2026-09-06T15:00,2026-09-26,2026-09-26-36238966556,1,tag,20,14,
2026-09-06T15:00,2026-09-26,2026-09-26-36238966556,1,render_prompt,38,271,
2026-09-06T15:00,2026-09-26,2026-09-26-36238966556,1,parse_reply,19,32,
2026-09-06T15:00,2026-09-26,2026-09-26-36238966556,2,item,39,9888028,474
2026-09-06T15:00,2026-09-26,2026-09-26-36238966556,2,tag,20,20,
2026-09-06T15:00,2026-09-26,2026-09-26-36238966556,2,render_prompt,38,311,
2026-09-06T15:00,2026-09-26,2026-09-26-36238966556,2,parse_reply,19,33,
2026-09-06T15:00,2026-09-26,2026-09-26-36238966556,3,item,39,7328643,393
2026-09-06T15:00,2026-09-26,2026-09-26-36238966556,3,tag,20,12,
2026-09-06T15:00,2026-09-26,2026-09-26-36238966556,3,render_prompt,38,213,
2026-09-06T15:00,2026-09-26,2026-09-26-36238966556,3,parse_reply,19,12,
