version,observation_digest
2026-09-07,6203a7857144fa6344a31714ac0d326ca80041539cde8160abb18b86ef3c17fc
2026-09-07,2c2b5f53b186321f840e3fe441539e6d1b3754e28a934efd376f36edae4fd007
2026-09-07,b3ef800b6c041ef79b5e139f728df3a971b2b84c79aa0efca61f7a14ae5d1ed2
2026-09-07,a156755efe237a0c02a5fcdc2f5af1d156af22fecd7a49adf9c51a0cf94aee36
2026-09-07,0b900e83078d53b03462d7a4fc7fb719d655311486147372397e86a9657dfd1c
2026-09-07,ca5460b9fa16c29e43dd8290098c57cd54cf362ebf8d0449b3bb1a3d3c0c5e2f
2026-09-07,7ae2877a48a773b7f11d0fbf0d7389f82bdb65e783e2e2ea8d1561f257854d05
2026-09-07,7857a18b37b39b9bbe2813abe261248046752252eed7decd3c7e3b73bd539e60
2026-09-07,992f31796bdf31c42d4122e13cd28f645254d25ec83876421230ce58bc189c91
2026-09-07,d78f6b956fa5ae8612d02e679b9577c56742598a5915f0631461e018c14ea634
2026-09-07,75c76ca8c87cd285e498fffd406a0fa5edf79c960cc3d0efaf65916984f117dc
2026-09-07,9045c766b088d7c00cb159e276c414d74c8411e329e5f931d51cb6374fe52c46
2026-09-07,70936316f377889e7d61aaf64a08784674bb446bfdbecb1631d7993e514eceeb
2026-09-07,4b4e36cab8f030c80c83396bdcb2a9f4308089c973e2c8e03377186f11e9e646
2026-09-07,0b0a0e54939864c25cc396635c288841b47399aa6d5a8ad26a6b41dcf50cd8ef
2026-09-07,ac46464c4787c1b76a7e6d9919374dcb03d3add2eea9d6d753753996ce5a4880
2026-09-07,038a9e4ff7822cbb0fe80c05d21596d8506572bccfe4beeca88004e637fbdd09
2026-09-07,8c2f186b815fdddc596df3c41c6fcc2842b6dc46b7d1b22a9c8c12cf0c328738
2026-09-07,8bfb7ca44f3265a4b49ed2229dd56b195276a0ee5cd71bbe0fc69f221608cc0a
