version,url_key,first_seen_at,first_seen_run
2026-08-31,00349dc1ad0044323c0cac84db91ad1d3057afa1c4120fb641296496936da144,2026-09-26T07:48:20Z,2026-09-26-36227868672
2026-08-31,00418b856fbfcbdac1979341a47ad7e11bb92bcbd097df7e74215307ed421e36,2026-09-26T07:48:20Z,2026-09-26-36227868672
2026-08-31,0097ba063f98cc08de6e33216fb3c3f234982ce86c7d60191838d0e7e009e9e3,2026-09-26T07:48:20Z,2026-09-26-36227868672
2026-08-31,00d4383cb837d3fbb87b1ca0e2d0146f269c7edb40a590d50555c0132e3d688c,2026-09-26T07:48:20Z,2026-09-26-36227868672
2026-08-31,00fcb86152f584f177639c61b2df7f6daee484307a20433d894252614aff444c,2026-09-26T07:48:20Z,2026-09-26-36227868672
2026-08-31,0117e4cfde2ee40034ed61d7ff097a60a2878172de4cdb1971a6cdb2ac7fa274,2026-09-26T07:48:20Z,2026-09-26-36227868672
2026-08-31,02157e097dbc4ef749ad1d5738b0613c3d1c26398eda21669f51eca98eabfc0a,2026-09-26T07:48:20Z,2026-09-26-36227868672
2026-08-31,02232790a6eb7d20ac201c921f426d66811876539f6d04733e0ee3530dbd7184,2026-09-26T07:48:20Z,2026-09-26-36227868672
2026-08-31,02b6e2a398de94f7e374490aafcb6ecf0efb1bf44d39a7c2812c9132874c04ae,2026-09-26T07:48:20Z,2026-09-26-36227868672
2026-08-31,02f43e9a415c8d61b959c03278ab7487f34bea215113318db07d41d4b4c99d84,2026-09-26T07:48:20Z,2026-09-26-36227868672
2026-08-31,0307cc478a6422e008d2f11d6513e2aa0dd460d12f4a124e4ffa30dcbec7ac13,2026-09-26T07:48:20Z,2026-09-26-36227868672
2026-08-31,0371a2edbc6f309d3360573036ec8115a3b7a667d579a471bceba6823512fdd5,2026-09-26T07:48:20Z,2026-09-26-36227868672
2026-08-31,03a2175ac81c485301420d9a80075a0c419273691f8c7b267d193be85493959d,2026-09-26T07:48:20Z,2026-09-26-36227868672
2026-08-31,03cbac2f301fdd465a28a8a7abcdd09391897a025f4937cad6432fc0dd220d6e,2026-09-26T07:48:20Z,2026-09-26-36227868672
2026-08-31,03e074e1299c761bf7fd31902908bfd217280a89ce70a8298791878a4823e0b1,2026-09-26T07:48:20Z,2026-09-26-36227868672
2026-08-31,043fa7a1c17460cc501e18b3b3edde49118253c81f6745fb2682fbfa0093ed9b,2026-09-26T07:48:20Z,2026-09-26-36227868672
2026-08-31,05724437aba731dea4085317b549238150e227b2a4a4d07a6d874eb2452d52b3,2026-09-26T07:48:20Z,2026-09-26-36227868672
2026-08-31,05b2efefc68ead1a8dd06149b2ac1ce2f3a9ac84db3473358915e1a0f458f438,2026-09-26T07:48:20Z,2026-09-26-36227868672
2026-08-31,077d3d18f2eda10a0ad0bdce9f04b5d52daef630a975d32758c2c7ccd4eb97b7,2026-09-26T07:48:20Z,2026-09-26-36227868672
2026-08-31,078bd33e7f9aafaa39a8c97d478e0744ca3149594375b4fa4ac194bbc9bf5347,2026-09-26T07:48:20Z,2026-09-26-36227868672
2026-08-31,08ee372e25a5ecb1ed2735f1a1d32f5737df5bc59d251323832864fb1df301b5,2026-09-26T07:48:20Z,2026-09-26-36227868672
2026-08-31,094cfcd907d1b71e1e6c24f21708788ce3dd6d73ea1a4d63168187135964f726,2026-09-26T07:48:20Z,2026-09-26-36227868672
2026-08-31,0983252185907fe10704a75cde6cf8018b8d74e39cb6326e613fd663ba79c5c2,2026-09-26T07:48:20Z,2026-09-26-36227868672
2026-08-31,09ff3dfe79aef2563077c076fee712576546a53119ffa608bf10cc46b44f963f,2026-09-26T07:48:20Z,2026-09-26-36227868672
2026-08-31,0a32c2ff784792b68dbae394e20787df8bdab4d79056a1229c91a1c19722a2c1,2026-09-26T07:48:20Z,2026-09-26-36227868672
2026-08-31,0a3e45986c9b1de8c086d755afa63d99646fae178e099894f97db20d3dde884f,2026-09-26T07:48:20Z,2026-09-26-36227868672
2026-08-31,0a79ad8bf923e5d41d55662ad906d49108b25a3bec288a77aa25b17941db4821,2026-09-26T07:48:20Z,2026-09-26-36227868672
2026-08-31,0ab1fcd20cd46958352a937a7fc955044f309c5755fd787d2ea64b6b34fa9ddf,2026-09-26T07:48:20Z,2026-09-26-36227868672
2026-08-31,0bc0e781824177fa5b9e676cc7f60fccdbdfbc57828f7c37dd8e1da0b1935094,2026-09-26T07:48:20Z,2026-09-26-36227868672
2026-08-31,0c46d3aa241f18b1c83060f7b724d3e2dc895b0927c9fb6c1c5daa05f0f3e991,2026-09-26T07:48:20Z,2026-09-26-36227868672
2026-08-31,0c5393ce2d0388c25e983a82366d986bb4e5904031adedcec960c617a46e129c,2026-09-26T07:48:20Z,2026-09-26-36227868672
2026-08-31,0cbd21b58dd16be16c7c05a11db9a7aa4234533d7a2b605642b4106d9c9e6e94,2026-09-26T07:48:20Z,2026-09-26-36227868672
2026-08-31,0cbe767b5e596ccb6dad983b9a8c7bdabf18e60534744bc87bb0d7ec7fb46eea,2026-09-26T07:48:20Z,2026-09-26-36227868672
2026-08-31,0ce9db2d9a820dff8a24b487acc0aa69bc6d5bb13a377f1f695f2aadf934f065,2026-09-26T07:48:20Z,2026-09-26-36227868672
2026-08-31,0d1d65bd67e4f58fa81479bd3d5517f3b84b71d29a691df7faf677bf56f52ac4,2026-09-26T07:48:20Z,2026-09-26-36227868672
2026-08-31,0d6796abc2dc0d8b96f157d9bd686e3426ef4c8ef255fd5d424f66c1b6309d8e,2026-09-26T07:48:20Z,2026-09-26-36227868672
2026-08-31,0da847774a38486c148841e88ba45a8738371f760edd3796fa01d1c48290b72f,2026-09-26T07:48:20Z,2026-09-26-36227868672
2026-08-31,0deb268907e4fb78a46e6e8eb7901bcbf6ecc9f884ff150df5d7c83caf2a0c52,2026-09-26T07:48:20Z,2026-09-26-36227868672
2026-08-31,0e5f5a98a1defdf479b331b907579ceffbc2c072c4358bf4628dd5d32aa83605,2026-09-26T07:48:20Z,2026-09-26-36227868672
2026-08-31,0eb2122a443bbe33b0d69245c4303cf3902fc9880a5248c9ebbf3a5aae4464b0,2026-09-26T07:48:20Z,2026-09-26-36227868672
2026-08-31,0f49de160e63108effbaa00e4184d3ac4f7ca228e9650753983eb22152482774,2026-09-26T07:48:20Z,2026-09-26-36227868672
2026-08-31,0fe4994a8728d19d78731af79bd952584581fb32ecad8023153b4704508a811a,2026-09-26T07:48:20Z,2026-09-26-36227868672
2026-08-31,11000694f5f3fe4475942375509cd590884c86709747495efc36ed45bf35dd35,2026-09-26T07:48:20Z,2026-09-26-36227868672
2026-08-31,111f767036d401f7aef6b3dd629ac981b841c26cc20b2bb70f2f48d85032732f,2026-09-26T07:48:20Z,2026-09-26-36227868672
2026-08-31,11355b84ad447af12c35a8dd3632c127482a86981234a7ebadc9b399d0e087b4,2026-09-26T07:48:20Z,2026-09-26-36227868672
2026-08-31,118e4b967679084d4aef2757370c85e9036622d1759d8960cde6b4fbf573772c,2026-09-26T07:48:20Z,2026-09-26-36227868672
2026-08-31,11c0010b4794c5344d0369d592d3222faa31c208c4e1b97c44a7e6ce6bc3a9f4,2026-09-26T07:48:20Z,2026-09-26-36227868672
2026-08-31,11c1a9bf76e5640f0f626c86ed3f53d3de5e0e8fed0c7407a75e4e426dea60d9,2026-09-26T07:48:20Z,2026-09-26-36227868672
2026-08-31,142ef49c8d68cd9d813f71c42a9cf89270f37653192ab34b22eca0e0856398fb,2026-09-26T07:48:20Z,2026-09-26-36227868672
2026-08-31,14b2fbdec237769a3fde5b02776a7b40c329a1e2e0c74a6efdb6dc1fc5f1573a,2026-09-26T07:48:20Z,2026-09-26-36227868672
2026-08-31,1550d4c4988eb393c51cfcf2226bdc2673a31dcfe0937dfb6036bbb13feec462,2026-09-26T07:48:20Z,2026-09-26-36227868672
2026-08-31,159342eae4ed11ae0c07199d27c6627a602068abbee60747322a3c057c6768ca,2026-09-26T07:48:20Z,2026-09-26-36227868672
2026-08-31,15ba4361f6faa3033bf98c91df590af4a1e96946c20c3ac40350809ed071ab85,2026-09-26T07:48:20Z,2026-09-26-36227868672
2026-08-31,16470118d80381faadad36c255a20a59f9c9f8a129fd157907bfdc2ea228c8b9,2026-09-26T07:48:20Z,2026-09-26-36227868672
2026-08-31,170bb2b0b7e6e1a1c0d89cf09c5d65764d3e824c42534f48d95237859580a6f1,2026-09-26T07:48:20Z,2026-09-26-36227868672
2026-08-31,1725b70cb1d4d5eb221591f70a24473d78e41b7d5e14a557d5415380713b8f3d,2026-09-26T07:48:20Z,2026-09-26-36227868672
2026-08-31,1815eb51ebf899380b45cffc1fb2f490a2885bdfb10c906419694f6ba8dd6a74,2026-09-26T07:48:20Z,2026-09-26-36227868672
2026-08-31,181618c93cfde1e90dba5b0fe188d7ea540a0788e7ff49d2c64d0e2939b6d337,2026-09-26T07:48:20Z,2026-09-26-36227868672
2026-08-31,188527646f2c36e080d4998c5ef5b09712a3659a59c8da54440c9902b62d54d8,2026-09-26T07:48:20Z,2026-09-26-36227868672
2026-08-31,18c793e461d4206448431e8dd9529a0340a724554c62387104c3cd635aa30111,2026-09-26T07:48:20Z,2026-09-26-36227868672
2026-08-31,1952db3cb55f6570741307c46f00580d5ad08fb2083ee1a851627ea4b9f3515c,2026-09-26T07:48:20Z,2026-09-26-36227868672
2026-08-31,1959c3d3a306fa727412e78fcc65331d4eae165dd63a1c2da2abc38e44524b5c,2026-09-26T07:48:20Z,2026-09-26-36227868672
2026-08-31,19622bfa43f52e83e2f3c5c55d1baa27b1ea37a764d1212247e4aacf388cf521,2026-09-26T07:48:20Z,2026-09-26-36227868672
2026-08-31,196fba62fe85194d43dbe156cde497adc7e1cd1a9723aab4a622c191c719ebf7,2026-09-26T07:48:20Z,2026-09-26-36227868672
2026-08-31,19beb7738af2100497c5a13b7dd31abe6bb53c755f5dc72a09da91ea1efa1e4b,2026-09-26T07:48:20Z,2026-09-26-36227868672
2026-08-31,19fa5d6d9342bc607ce014bd0e30048a02ee0f1766652968d18b2d4c2aa08799,2026-09-26T07:48:20Z,2026-09-26-36227868672
2026-08-31,1ab51236e5e796c2c99d3cc233de691bd3b756a3acf662ada4f60fe8774c4b0d,2026-09-26T07:48:20Z,2026-09-26-36227868672
2026-08-31,1ad34e11ea41c3939818e03703aa5563602fa4524f41346d24c321802a7d1ab6,2026-09-26T07:48:20Z,2026-09-26-36227868672
2026-08-31,1b281a78b1a8725de0faf1df337491bd2930cbc169bdad97d22f448d9741703e,2026-09-26T07:48:20Z,2026-09-26-36227868672
2026-08-31,1bc3b44b016ec4500c7ee6e1be29fc346633987555916c6faf3b24b0d38b8336,2026-09-26T07:48:20Z,2026-09-26-36227868672
2026-08-31,1be8b48c721511230c1a5c79921bc106512ebf5dc4b7f7e83ccd80c1eb49d3e2,2026-09-26T07:48:20Z,2026-09-26-36227868672
2026-08-31,1c5457f6ef604afd768a5650642ddf7d75203654dcaf1025089ed7e48e82fc88,2026-09-26T07:48:20Z,2026-09-26-36227868672
2026-08-31,1c93205ed8f45359576190771ff47ca79d575cd6a3af36b6032f5196f56c6162,2026-09-26T07:48:20Z,2026-09-26-36227868672
2026-08-31,1ce6257e2b5095415493d456915517f948d1435a8303ce6d11a46277851afd20,2026-09-26T07:48:20Z,2026-09-26-36227868672
2026-08-31,1e71ff89aa8710b1bc5dd4257c9936dc78e1feb9659f61e6cb8e1c3e0fa2dbb2,2026-09-26T07:48:20Z,2026-09-26-36227868672
2026-08-31,1f106b9e8ed58b4746bda082e71c4a3c768657aaf2b6f0750afdf0fa8b6c8450,2026-09-26T07:48:20Z,2026-09-26-36227868672
2026-08-31,1f632f524fac906a4cc87118423d8db08736fba9042121425b954feaaebd7f77,2026-09-26T07:48:20Z,2026-09-26-36227868672
2026-08-31,20b0ff146fd7b05bea072c11b8b28f5d12e104796a5883f10494fd936906dad1,2026-09-26T07:48:20Z,2026-09-26-36227868672
2026-08-31,21177b2f802b6ca8d9f5fcbf9302a941beea77be55b11a35bee91f15f11007a5,2026-09-26T07:48:20Z,2026-09-26-36227868672
2026-08-31,21aa8e5b269c37c60f919814494a501198f2d4e46fc14426043796583907714b,2026-09-26T07:48:20Z,2026-09-26-36227868672
2026-08-31,21bcad1ba1b644b62a9b03dfdd74cc2454cf2dea1367486bb0a3a2be74391d33,2026-09-26T07:48:20Z,2026-09-26-36227868672
2026-08-31,21c01e709b95a48c85f43153c3ecaf58fa3daae2dd7cc60578b1292b39e76cd7,2026-09-26T07:48:20Z,2026-09-26-36227868672
2026-08-31,233a0d1a982bca25fce1ed53b2bf8793b733044c0fee17b3a0bdbe4a0a5b9146,2026-09-26T07:48:20Z,2026-09-26-36227868672
2026-08-31,2341a72bf1ea18468f25f0e9540434afa46c44a005156b20257403de9a8ffcb8,2026-09-26T07:48:20Z,2026-09-26-36227868672
2026-08-31,23465a6653a4c664adbc09c384d2a275d9219ac1ffcb8ca68d0b0bf4e319ab53,2026-09-26T07:48:20Z,2026-09-26-36227868672
2026-08-31,234f6016ddfafa83d1c074dffabba8e289d9512b68681d52ea3a87ea1b686d1c,2026-09-26T07:48:20Z,2026-09-26-36227868672
2026-08-31,236beaf3867f9872069f405e1ec09e2fa0781baec143f49ad4f73e07cb82fc59,2026-09-26T07:48:20Z,2026-09-26-36227868672
2026-08-31,23b80e20de93eb01e3f2333e3dde03c4c741054bb7e97284aef2d2510e8effc9,2026-09-26T07:48:20Z,2026-09-26-36227868672
2026-08-31,23dafefdbf56d0190eeaf5f81ec138de3f0b0ebf69be7652196d753a2929d995,2026-09-26T07:48:20Z,2026-09-26-36227868672
2026-08-31,2437093f45f76f747d2749adc813803cc06a5e5d4a8fa6152c7ba1ee23da893a,2026-09-26T07:48:20Z,2026-09-26-36227868672
2026-08-31,2454ce8e407189b6b1df94fd7de1180c5ad98d72e697f4234145ad80644a2622,2026-09-26T07:48:20Z,2026-09-26-36227868672
2026-08-31,2493e091c02961780053b2745f8978ae9fa71c2ffc39e3bad09d92ecfb948ea2,2026-09-26T07:48:20Z,2026-09-26-36227868672
2026-08-31,24dc99bd6b11675fa9998b02951215568e88082199f65a1c6c50037108020caf,2026-09-26T07:48:20Z,2026-09-26-36227868672
2026-08-31,257e43504250af234de79c0a05ef4070867a99a18ab32a720875272dbbd007b4,2026-09-26T07:48:20Z,2026-09-26-36227868672
2026-08-31,2586f155e7b7e2145fedba3ea71a6463f09c3a87008d92348c9a43f055e305d1,2026-09-26T07:48:20Z,2026-09-26-36227868672
2026-08-31,264116c4d5370bfce854b6788a0d4a9736f6cf5ad48c0c7fe3f37ff20af8c7aa,2026-09-26T07:48:20Z,2026-09-26-36227868672
2026-08-31,2685e3e48cbc3292e7e735ac48744d185c580adfd366aeaa74f9aa05e4f73e08,2026-09-26T07:48:20Z,2026-09-26-36227868672
2026-08-31,26d33bc2ceccf3a4063b6303a9d61ebc954d81eb9f2d1c58629a80577195ffe2,2026-09-26T07:48:20Z,2026-09-26-36227868672
2026-08-31,271424f3c3e8e432ff34c7d16a725ed614de86a374b5fbd3c5063d57f5455326,2026-09-26T07:48:20Z,2026-09-26-36227868672
2026-08-31,2725b913ea9e21e7e9eb38d4f7d9ae2e7476a67a6bace25af48aa1e8779f9b87,2026-09-26T07:48:20Z,2026-09-26-36227868672
2026-08-31,275ef8c44f31bc7c64c4c2c0b0fa36f6c4731b8256224c326bb07fbeeff52a5b,2026-09-26T07:48:20Z,2026-09-26-36227868672
2026-08-31,2768fadb1a416ca1eb082c48ab05adaa3414b27e91dcb3bcafda89ea1ae17090,2026-09-26T07:48:20Z,2026-09-26-36227868672
2026-08-31,27e315e28cea9450d50c3ca7d7f14a09c6f38da82e4680101fa0e0c23bfe6298,2026-09-26T07:48:20Z,2026-09-26-36227868672
2026-08-31,27e3f2fb473124902827297ac41b34cb233418f9bc1b7a3b5d2250e41e15b9a4,2026-09-26T07:48:20Z,2026-09-26-36227868672
2026-08-31,28144d0474d2f88ae3a38383879f096b77b9442b2aa4a8d6461051c00546e432,2026-09-26T07:48:20Z,2026-09-26-36227868672
2026-08-31,281900edc014546a2901e88077f0d156134961f4bcaf7e50499f0a03591bcc34,2026-09-26T07:48:20Z,2026-09-26-36227868672
2026-08-31,2827530cd089b0f4a06c0778f5e9e4c5db2a96318952a6632b30e93d7856ef73,2026-09-26T07:48:20Z,2026-09-26-36227868672
2026-08-31,2864d65f1d5511342b04fca20c320f528d3e1feb22d1d73849f3ab89d7e81751,2026-09-26T07:48:20Z,2026-09-26-36227868672
2026-08-31,2895cb0ccd935d2a3f58c3d61b4f8cd322f7830e6945fe46928819d308886260,2026-09-26T07:48:20Z,2026-09-26-36227868672
2026-08-31,28a246a87208ed24f1535f7d6560b58db0d5833f4d8ab357da6b07256c0d3bf0,2026-09-26T07:48:20Z,2026-09-26-36227868672
2026-08-31,28dea0644d22d80cfb38bdcf5ca706c243e00d1d57600dacdcc5fb150d2219c5,2026-09-26T07:48:20Z,2026-09-26-36227868672
2026-08-31,28e763bf680938357d82580527f2b775a5b1fad10185201375fe9e6407e34f68,2026-09-26T07:48:20Z,2026-09-26-36227868672
2026-08-31,2a3a5bf0ad112aa310f363174142e63d4b4ab54b232dba83673c7cdf27ea3f3f,2026-09-26T07:48:20Z,2026-09-26-36227868672
2026-08-31,2a6767ccfa8566031e0fd0899d73c6cc3d73d015381b6a7884f36f475a90f804,2026-09-26T07:48:20Z,2026-09-26-36227868672
2026-08-31,2ab1873eedadc0fb7b98380d96dbfdf21a1a4bcfd94062822f337f2bd820f20b,2026-09-26T07:48:20Z,2026-09-26-36227868672
2026-08-31,2b09d850a2b7ba5af640441ae6fa37fa35dd29dd85991f5789d803c9ec2623d6,2026-09-26T07:48:20Z,2026-09-26-36227868672
2026-08-31,2b389b0d16a5e824cf947b584eac72cdae8bd410834dbac4f1bb7ba0aef2cec8,2026-09-26T07:48:20Z,2026-09-26-36227868672
2026-08-31,2bd9cbc21bfc6f243c099d3f79a03247175d3f04c4777bdd69cc66c3659b8616,2026-09-26T07:48:20Z,2026-09-26-36227868672
2026-08-31,2c0e51b86b28006ea03fbbdfb048b25c81f2f93ba0d9e721e5f5f7472f86cd99,2026-09-26T07:48:20Z,2026-09-26-36227868672
2026-08-31,2c24814f8e030ea7f15710f0dcec3db1c8cc36aba5541a4bb25bd7e404e55ec2,2026-09-26T07:48:20Z,2026-09-26-36227868672
2026-08-31,2ca82f2d476f46d52c53badb52447bb1f8acb6840680df501b4c45f060b9642e,2026-09-26T07:48:20Z,2026-09-26-36227868672
2026-08-31,2ca933ad68468522e88a5acb480a90fc2076cae3195d08d8e60c39b014a3d830,2026-09-26T07:48:20Z,2026-09-26-36227868672
2026-08-31,2cdb04e7d27969bcee365aecd29ef890cb3bf45240b46cd582e0811db7edaac6,2026-09-26T07:48:20Z,2026-09-26-36227868672
2026-08-31,2d1de593b65ae8b31ccf8a65c7cce87f661a152e89afcc6d393314919dc6c631,2026-09-26T07:48:20Z,2026-09-26-36227868672
2026-08-31,2d8cc56cef8e13f2135e547a3018e3eb8df29edbbfde64204a3f7d2437fb9c95,2026-09-26T07:48:20Z,2026-09-26-36227868672
2026-08-31,2dbe9f04f3560ed61a9c8126298a10e6c2a29be32857ea8dfa3a9a1bf49569d5,2026-09-26T07:48:20Z,2026-09-26-36227868672
2026-08-31,2e0c7d218b434ff3aacea7f330e02684145cb377cfe485dfe3feb6b1b37dae0b,2026-09-26T07:48:20Z,2026-09-26-36227868672
2026-08-31,2e8328b383c6b003bc00e84629deece631d6027880e93c2f111e0cf211ec7d45,2026-09-26T07:48:20Z,2026-09-26-36227868672
2026-08-31,2f0857033a637f261f44b75784412c9f6386adcab9b23dbd8f83a0faa50038e0,2026-09-26T07:48:20Z,2026-09-26-36227868672
2026-08-31,2f189316bcfdb0f0c584bc4b2c674fd3c7881aa27d86761ea82e53d4f124b8fa,2026-09-26T07:48:20Z,2026-09-26-36227868672
2026-08-31,2f8a243638bdf1650ec34cd2ae7ef9d829c390d2f211fa08200576b9c599263f,2026-09-26T07:48:20Z,2026-09-26-36227868672
2026-08-31,30128de3d12dd19de4f8123f1907f8dffee58cfa1351d91a5677d2c3d3d2d8d2,2026-09-26T07:48:20Z,2026-09-26-36227868672
2026-08-31,312e89db60fb0041134fc6069c37b5e3e67aedd542cf9c7b034075e7ac3da23e,2026-09-26T07:48:20Z,2026-09-26-36227868672
2026-08-31,3145b250b93c3ec18ddf5e147151189433da401dcdb03fa20f92a1328df2e2e1,2026-09-26T07:48:20Z,2026-09-26-36227868672
2026-08-31,319f166b35486622354946d258886d2aa6718851c50bd4333787cd523a17bd18,2026-09-26T07:48:20Z,2026-09-26-36227868672
2026-08-31,31e8fd568bc20184b02e76e5f1e819599cf5a99c4a45e36608a69429e8de3b42,2026-09-26T07:48:20Z,2026-09-26-36227868672
2026-08-31,320b34a854e9e235da67521fac18a453f0efd8e41bf8c7bf56a11e495d308590,2026-09-26T07:48:20Z,2026-09-26-36227868672
2026-08-31,338e6d5eef3c890d5071be4a84187d4e228d9612e66b37ba1724b5d78dd8ce22,2026-09-26T07:48:20Z,2026-09-26-36227868672
2026-08-31,33dbd419b88315a1d3bd764091cad66589234cd81cee68d132fd26c6e6cb64d1,2026-09-26T07:48:20Z,2026-09-26-36227868672
2026-08-31,3402b345f89a49763e872fb80bcbdb54e233a732568693f84907d5276e509f0d,2026-09-26T07:48:20Z,2026-09-26-36227868672
2026-08-31,343eeb257a4dd2828b71c14af278b95c5eec95519ebb603d898194f6754520c6,2026-09-26T07:48:20Z,2026-09-26-36227868672
2026-08-31,345c4666332779d929585d0316b46c9ad279bb41e355707f55202d1d9baddde8,2026-09-26T07:48:20Z,2026-09-26-36227868672
2026-08-31,356cc5514f01195eb7a26e609a86d1f1e82a1dc6bcc635c74908ab86c4784a96,2026-09-26T07:48:20Z,2026-09-26-36227868672
2026-08-31,358fec541b17b73fcfca92d1884cdfe4f9fb34d9df2ab00b3789c205eb180be9,2026-09-26T07:48:20Z,2026-09-26-36227868672
2026-08-31,36c808e3717355c269fb1e620140f9e57713923c9e5e20b88b5cfe0617b024ab,2026-09-26T07:48:20Z,2026-09-26-36227868672
2026-08-31,371ae2c43df49bed9347ce603aad35f387dd4bbcc7d0159724afffa260063713,2026-09-26T07:48:20Z,2026-09-26-36227868672
2026-08-31,37de8c5e6a36fcedd12fba0425c49e3361e6383a46626d969cc73324388feff8,2026-09-26T07:48:20Z,2026-09-26-36227868672
2026-08-31,382ea8b176bc28bb082965abb27a931f349b4d41d4ce857998362fc61dd069d5,2026-09-26T07:48:20Z,2026-09-26-36227868672
2026-08-31,396ff04b944114dac11e06935b1e07fda325ad5c4bb9fce6863a4a883fbafdcb,2026-09-26T07:48:20Z,2026-09-26-36227868672
2026-08-31,39852623c241f5cb816f7f8b860b85d9e7a21c7c17d1b61e8546373542afcda6,2026-09-26T07:48:20Z,2026-09-26-36227868672
2026-08-31,39bb24b85a7783093a66ae70ba185b9442056d9df526d6bc3560d7bbe97b31c8,2026-09-26T07:48:20Z,2026-09-26-36227868672
2026-08-31,39bbea27e22de4f41b98ae86875a2acef5c9b3eca1cc33a865d8c17930b95486,2026-09-26T07:48:20Z,2026-09-26-36227868672
2026-08-31,39d2770874ec60615b31d4d292a9ab55fd4b551375bb774ea0aa4d690fc26914,2026-09-26T07:48:20Z,2026-09-26-36227868672
2026-08-31,3b2fbb4cbb28d9d4a7c936171c3f239a2e6fe59bcbf3a3fe58f14d8c67c787f5,2026-09-26T07:48:20Z,2026-09-26-36227868672
2026-08-31,3b3b2e0dbbeb054cf99dae7adf88b4bc7f7e657e4c090c19394c03f0a355ba52,2026-09-26T07:48:20Z,2026-09-26-36227868672
2026-08-31,3b69a4d8722ad5128be91ce8ee00b65c40744aa2d471db4b82639eb254bed93b,2026-09-26T07:48:20Z,2026-09-26-36227868672
2026-08-31,3bf106c9bca1fcf2ba59d09cae9f7bf3d05caad8f2261be532086c5e8abdf745,2026-09-26T07:48:20Z,2026-09-26-36227868672
2026-08-31,3c6074d7427180ad2123eed419b0240f4d6f34f2de13461d09873812bbfee5af,2026-09-26T07:48:20Z,2026-09-26-36227868672
2026-08-31,3c890175b24e89680dea7124283fe9f91826bedd00fe466585c12ed3cb7a1217,2026-09-26T07:48:20Z,2026-09-26-36227868672
2026-08-31,3ca3cfad38a4c323bdeae71bcc164067aede5f170d7bdccbfdc6a075e3e5d69c,2026-09-26T07:48:20Z,2026-09-26-36227868672
2026-08-31,3cafdc5af84007e0895d0ce192997ab160c36dc269cc25e3bde322c01ab0317b,2026-09-26T07:48:20Z,2026-09-26-36227868672
2026-08-31,3d652658e6b295d39971a2743918c4f8187381615f9ad699556ec70becce2627,2026-09-26T07:48:20Z,2026-09-26-36227868672
2026-08-31,3dadf72e70ba3809df65a697727f079000be92e1d8126fd5d9ed9f2063341b0b,2026-09-26T07:48:20Z,2026-09-26-36227868672
2026-08-31,3dc38a4b851735c37b9b456e22dd6e21eaddef4d4cb4f8f7f64377ba9192a43a,2026-09-26T07:48:20Z,2026-09-26-36227868672
2026-08-31,3de2982062c3f5eb2cf354fea17a87ec8ca1b92d4b65a7ff1174618f0e760da7,2026-09-26T07:48:20Z,2026-09-26-36227868672
2026-08-31,3de857efe212366270295db3dd24bcb8bf81d50a4965dcfa5db2981a5f05ba34,2026-09-26T07:48:20Z,2026-09-26-36227868672
2026-08-31,3e3b42a386430f1b62643525373052abbeef8710a09c5ef82ff80852f87b9caa,2026-09-26T07:48:20Z,2026-09-26-36227868672
2026-08-31,3f3b920fa5497c68bb2b91cd931ff5e397d22fb8a216487b5e6356d384e1e585,2026-09-26T07:48:20Z,2026-09-26-36227868672
2026-08-31,3f55f6a12ae59fe6cca896219f5237a98fae7a3a782ae09a936541c025f461c6,2026-09-26T07:48:20Z,2026-09-26-36227868672
2026-08-31,3fa8f1d6aa83a16034499ee7321f30be1b63a188dac5396758ed5d934a120158,2026-09-26T07:48:20Z,2026-09-26-36227868672
2026-08-31,3ff2f8523cb777a04283ad3fb8478b7f0f936df45503a0f8288ebfcf7ed49605,2026-09-26T07:48:20Z,2026-09-26-36227868672
2026-08-31,4017b72b91ecb8eacc669f6aa6781cf1b4f02af816130a14a54a9ed8647b6955,2026-09-26T07:48:20Z,2026-09-26-36227868672
2026-08-31,4174507c7d9757eead2977fa603af6b386558b42cabae164b95788bf84c54109,2026-09-26T07:48:20Z,2026-09-26-36227868672
2026-08-31,41a5c8ebca829db9dacd6b363b1b0e3875f71ffe211e6ab42556830a37117c48,2026-09-26T07:48:20Z,2026-09-26-36227868672
2026-08-31,422ced207cc006c85de7a500f6c33cebff75f6839e665c1b5f05850be4e21a92,2026-09-26T07:48:20Z,2026-09-26-36227868672
2026-08-31,4263658e34eab15047f451bc7c30481facb1a2b9d796fca45a741492d3e4cc47,2026-09-26T07:48:20Z,2026-09-26-36227868672
2026-08-31,4280c9c12bbc19ac457ffe429802edc2f2ca2d741644de8ab3bb2a8c6e253e0f,2026-09-26T07:48:20Z,2026-09-26-36227868672
2026-08-31,42dda1c6d9365f6eb7b6777ed8faaabcccff593df14bdd47922d2241d475cdfa,2026-09-26T07:48:20Z,2026-09-26-36227868672
2026-08-31,43659119928e99c18e7a1ca075ec8be6daa012fa80ae97042863a819d9d7ebd2,2026-09-26T07:48:20Z,2026-09-26-36227868672
2026-08-31,4387ff912904bfba22cd0da5fd74d9e38550b7a5b31e7f8298205e53a5f68dde,2026-09-26T07:48:20Z,2026-09-26-36227868672
2026-08-31,43dafad01bd77adb140e719cc4b619ac03cef548aa0368ca3a813a5ba5beda19,2026-09-26T07:48:20Z,2026-09-26-36227868672
2026-08-31,441c0fb6bbeccd25db61501b64017384b65b124028f88ac84f24124bbf20b80e,2026-09-26T07:48:20Z,2026-09-26-36227868672
2026-08-31,442c47ecfa99a2dbfabad01990f86a179501383113b1bfca66898d504998e226,2026-09-26T07:48:20Z,2026-09-26-36227868672
2026-08-31,453a12081f30b4bf02ccdcad9646f2dc534b916fa28b86599881ff87b37c19e0,2026-09-26T07:48:20Z,2026-09-26-36227868672
2026-08-31,45901ba3bf7ed73b25094d8bb28b665869e00c4c486dbdfbee0b8cb8921deb91,2026-09-26T07:48:20Z,2026-09-26-36227868672
2026-08-31,459941bb30c87e57ef1d2422b3981624a591107de50b65c86658b36db1ec756a,2026-09-26T07:48:20Z,2026-09-26-36227868672
2026-08-31,45afdd70aea477038229a62c74b9ad0d4251fc1c104467b26e1d21d8dbc506e7,2026-09-26T07:48:20Z,2026-09-26-36227868672
2026-08-31,462423f5e4bafec1e4c9d861ae5eb3fbe4221945303a9daa178e9e15c950c5c4,2026-09-26T07:48:20Z,2026-09-26-36227868672
2026-08-31,46635440a85f1ad7c3eee575ebca9c40db4bfdc82c5aec42fa42b8eec37f6038,2026-09-26T07:48:20Z,2026-09-26-36227868672
2026-08-31,468246bfd8d1a8cc30a9d35f8e7bc3d80167f223185e4e3fe5b95bbe1676258c,2026-09-26T07:48:20Z,2026-09-26-36227868672
2026-08-31,46b87c162a68cb1e255b72b642411007c01404f7baeed48ea69e6203585b1832,2026-09-26T07:48:20Z,2026-09-26-36227868672
2026-08-31,4780fd20e3c3c5fad5113a10dd874f9d3f6197ac93d9b5a3fe33d93574a5669d,2026-09-26T07:48:20Z,2026-09-26-36227868672
2026-08-31,47cc511b39ac581aa3bf796c73333b0fa2b5e934a96206d0e2bada6cd149511f,2026-09-26T07:48:20Z,2026-09-26-36227868672
2026-08-31,47d7626696c16e64ea1d3c629d614b5c917244c1cae38a1a108e30ddcdc1433a,2026-09-26T07:48:20Z,2026-09-26-36227868672
2026-08-31,48113f2645fecfd17f19f69f682cf995e680ccf2c7d5b19afb7d2a7eaaf44ef5,2026-09-26T07:48:20Z,2026-09-26-36227868672
2026-08-31,48ec72e893f1096ec0113f4702e13d7e784e743b1d9fcb22cd105acc5d262511,2026-09-26T07:48:20Z,2026-09-26-36227868672
2026-08-31,490d45955bdb593bce97a903588dbaef36ccf2bb9068feb87160b3f3385b637b,2026-09-26T07:48:20Z,2026-09-26-36227868672
2026-08-31,49627ac9a29f7b17732848dc216fb3a29f9d0b693fa821bb7d2e43c6876ff935,2026-09-26T07:48:20Z,2026-09-26-36227868672
2026-08-31,4971270f33fa13455507f7098e0b0781f4732b1ca0cb47273c52b78cea39feda,2026-09-26T07:48:20Z,2026-09-26-36227868672
2026-08-31,4a4414508b5c921d7363fb965680c1e388a41ae6095b56e7b1296848ea81841b,2026-09-26T07:48:20Z,2026-09-26-36227868672
2026-08-31,4a5f5a172cc26bcffff9ecf05e670b2a2dd91a0145e5478beebda8b5f395ca4a,2026-09-26T07:48:20Z,2026-09-26-36227868672
2026-08-31,4ae25f7032b79a3d6a7e99fd26183da3ef15242cf4e01bff94a74f943ac66bc5,2026-09-26T07:48:20Z,2026-09-26-36227868672
2026-08-31,4b3a7f7b117a392f6c793a16e38a481b5b66a0c16b2a6f512c8fba540bf06a06,2026-09-26T07:48:20Z,2026-09-26-36227868672
2026-08-31,4b5a92138f242314e296d000ecbfde505e4ac3f912f55510167f516f56c54c8a,2026-09-26T07:48:20Z,2026-09-26-36227868672
2026-08-31,4d096cdd64ffe72b3aac21ae77e068961739f56eb57b385ecc538f88b356e0da,2026-09-26T07:48:20Z,2026-09-26-36227868672
2026-08-31,4d404f65b813d0517cb8a3614e27b1ab3a88f0df26a0e1f69a039c1390d25ea9,2026-09-26T07:48:20Z,2026-09-26-36227868672
2026-08-31,4da4b95aaf325a39d11a7e1768e92869278beb003b09537ae6e080aed7f209d3,2026-09-26T07:48:20Z,2026-09-26-36227868672
2026-08-31,4e603a9a9f9d667b58097b0862d8b2157ab9ea514b66aeff7ff76414b84de228,2026-09-26T07:48:20Z,2026-09-26-36227868672
2026-08-31,4ee7ab8bd418414e796a601ce732238fb114420c20675650b86d59105d9ecc7e,2026-09-26T07:48:20Z,2026-09-26-36227868672
2026-08-31,4f3acd51a679de8b96f4232bc28416b5bfccde1c80e0452b2af5684e2592546d,2026-09-26T07:48:20Z,2026-09-26-36227868672
2026-08-31,4f4e397372b5cd77354086120dea4bf9c591c3068696f1ec8ac9f8e9d16b4635,2026-09-26T07:48:20Z,2026-09-26-36227868672
2026-08-31,4f62ec2afe2df01b936b888d4f81a1a29393f7cac5c96bf5b11f902b8aaf98a2,2026-09-26T07:48:20Z,2026-09-26-36227868672
2026-08-31,4f6d62fa5bda38076dc0c93133eaf686168c80331c138b648885f20d82f0eb21,2026-09-26T07:48:20Z,2026-09-26-36227868672
2026-08-31,4f87fe73faaf6c390a48e767ebe94e9a5638cc192ca77c3b363303c70ed7b493,2026-09-26T07:48:20Z,2026-09-26-36227868672
2026-08-31,4fe44965410ff01df93b2948d3048dd73ce56da52e60ce245b6aba5ffe78660c,2026-09-26T07:48:20Z,2026-09-26-36227868672
2026-08-31,50183cf06581ccec598965b8c7b06691781cd2c2d89599872e008b4b8aa0e8d2,2026-09-26T07:48:20Z,2026-09-26-36227868672
2026-08-31,5074d46ca65758655478fafd61bd9d06b8e41bfb61e774d71cb081c9623436a7,2026-09-26T07:48:20Z,2026-09-26-36227868672
2026-08-31,50ca5aca35674167a91e8d049a7995839787abd4590b45c633294d02f11b2c8f,2026-09-26T07:48:20Z,2026-09-26-36227868672
2026-08-31,512a624f5593c83de6c0a96bbab1a83c751b536ee478293a2f116f9fa421230f,2026-09-26T07:48:20Z,2026-09-26-36227868672
2026-08-31,51607581380c4fa06d71a2d946c423883352c6b95f33a29dc18e574f9c4c1fbe,2026-09-26T07:48:20Z,2026-09-26-36227868672
2026-08-31,51fae7a56b9856d24b28d7a2a660d36d3026ec3834c8d91df3b5994b17468408,2026-09-26T07:48:20Z,2026-09-26-36227868672
2026-08-31,51fcd8ca4107330c1c6f76f51ac9154c453acb12d5ff31f54590e652eb3ddd3f,2026-09-26T07:48:20Z,2026-09-26-36227868672
2026-08-31,52872013c6e88130529ce7cbf744fa6c1b421e937a4622e8b4e9b3a37e85cfa0,2026-09-26T07:48:20Z,2026-09-26-36227868672
2026-08-31,52d9d8d05fb7ba0ae7e26d706f691b50201d37d6ea282f661f2dca3b8bf2b97d,2026-09-26T07:48:20Z,2026-09-26-36227868672
2026-08-31,52ef53f5b36253d974078f4eb5a1ad71c1c5f30486fa1a09884447f61ee412f4,2026-09-26T07:48:20Z,2026-09-26-36227868672
2026-08-31,5308889187e4f662ee0e837dee4c130fb294ded8658a9fc20d89c356c835a888,2026-09-26T07:48:20Z,2026-09-26-36227868672
2026-08-31,53c3ac22a98acb3de8a748a16d6e4f3a89996999ca2ac29730308f13316f5b82,2026-09-26T07:48:20Z,2026-09-26-36227868672
2026-08-31,54450fac5be5ab656b7f246ee4dc36de5e26689c1ca5c8182d6fc997ec97b949,2026-09-26T07:48:20Z,2026-09-26-36227868672
2026-08-31,54f68631bb4220bcc48737bdbf66597f6e00369a41ee8e0762824b850fc00252,2026-09-26T07:48:20Z,2026-09-26-36227868672
2026-08-31,552438c8ea03c28cd6c27ea382f2f7989d74bc67b92f403be019a208d534e9c1,2026-09-26T07:48:20Z,2026-09-26-36227868672
2026-08-31,5663f05422ef3ae270a9ee66b7c454f78277f5bbc7ae623566dcbb152e69f48b,2026-09-26T07:48:20Z,2026-09-26-36227868672
2026-08-31,5664aa6dd3c64ba74dce182e531bf8ebb6bc5314adf0cc1579a9dc974c0b8af7,2026-09-26T07:48:20Z,2026-09-26-36227868672
2026-08-31,5675f0027a7cd834069d63d43337f3c1ad732a488f011caa7c061d3bf75b27a3,2026-09-26T07:48:20Z,2026-09-26-36227868672
2026-08-31,58e8484c397596751e0b31c4809aa21d871cdcf43f1b74c01fb6cfb91016d3b8,2026-09-26T07:48:20Z,2026-09-26-36227868672
2026-08-31,5904e46e1874d3150f343fa243b8371bb12d37adf4fca864b47baf59d24b2752,2026-09-26T07:48:20Z,2026-09-26-36227868672
2026-08-31,5919f1f1a013016a3e094275b0f8a7504e0dd16896d42138da4fd05a26c6ef34,2026-09-26T07:48:20Z,2026-09-26-36227868672
2026-08-31,5a75d961f8ce0184938c8bd6063ca4941f2ea1af57aa6119bbe134e7d8271491,2026-09-26T07:48:20Z,2026-09-26-36227868672
2026-08-31,5ac2618285ade894a10028e91caeaa0692279f87225e09b1a2989e4116e29926,2026-09-26T07:48:20Z,2026-09-26-36227868672
2026-08-31,5b59f1e27a0b8591793114840034e68eeb02386eb2bc1c3775b904903eb53f22,2026-09-26T07:48:20Z,2026-09-26-36227868672
2026-08-31,5b72d7489f81ed54d0f3caa49db87231dcb94d5a233291075856f1f429708cb4,2026-09-26T07:48:20Z,2026-09-26-36227868672
2026-08-31,5bfdbcb2b20363fd96630c59847ba9abed8f9d4427a395ce05327f93f6a9a14c,2026-09-26T07:48:20Z,2026-09-26-36227868672
2026-08-31,5c49eabfe5fab62e1d02bf4d496bdfb01ed251a9ad3c694536f5c6126084027e,2026-09-26T07:48:20Z,2026-09-26-36227868672
2026-08-31,5c6b34b7d35911b25fe569aa12d0bef3efe10fea3acc1bbdafe261f29f28d007,2026-09-26T07:48:20Z,2026-09-26-36227868672
2026-08-31,5cca087e80d80d942dfe1c8687d1d34b8eaa026d0742871463557edb0092fa89,2026-09-26T07:48:20Z,2026-09-26-36227868672
2026-08-31,5cedcd72d366739158d32d892b0f6ba3aee2f2cda6f4e2cdc7ff2ad9cf9321e0,2026-09-26T07:48:20Z,2026-09-26-36227868672
2026-08-31,5d33c1693fb823da81916fc1211b1aa228da04ae40b4f376ecfe4f1b4b1b8bd0,2026-09-26T07:48:20Z,2026-09-26-36227868672
2026-08-31,5d41f04be9d35aa28812321189469a8249185b2bbb7560e6360d53ba7a25413b,2026-09-26T07:48:20Z,2026-09-26-36227868672
2026-08-31,5d4a599a2b3addedb4b0b36753b0d03297f2e19b255e0ac1475ea5d1a0b6c4a2,2026-09-26T07:48:20Z,2026-09-26-36227868672
2026-08-31,5e52c8dfad7726d7ff970bcf8d76c7757cf449bbbdbdce155c520d05003446dc,2026-09-26T07:48:20Z,2026-09-26-36227868672
2026-08-31,5ea8b00a9051bde26a3fd6a91f9dc9d9cccd277b1005edf3d53d09dcd3f3c580,2026-09-26T07:48:20Z,2026-09-26-36227868672
2026-08-31,5f176617ebb2abc3a5e1a2c5021b0d5c10ae800fbf533a2ea050e04bbdc19aeb,2026-09-26T07:48:20Z,2026-09-26-36227868672
2026-08-31,5f4f84802c726d1ea4a352459c96b728e580f1f9f359a64106b0a8e8f4512b79,2026-09-26T07:48:20Z,2026-09-26-36227868672
2026-08-31,5f624d085a556bdc1538ad6c021ccc7636f3c2189a7068c4c180db3ffbe1a048,2026-09-26T07:48:20Z,2026-09-26-36227868672
2026-08-31,5fac2c56829e213bb51a81fbd3bd0e5f775a80729cafe3418924cc2495eff10d,2026-09-26T07:48:20Z,2026-09-26-36227868672
2026-08-31,603ff057b0cfffdf19269e8de9d2ff25e63599c47b4b8d8d6fb141f9b545f725,2026-09-26T07:48:20Z,2026-09-26-36227868672
2026-08-31,60c7d7308a3f02c0efcf27908735422182e4ec47187ca6ce5931929319199105,2026-09-26T07:48:20Z,2026-09-26-36227868672
2026-08-31,6148d3f9cbc0e14831368447bc58dc77d0cb9106f30c2cee69b596da28648880,2026-09-26T07:48:20Z,2026-09-26-36227868672
2026-08-31,618996997112eefb1b15ff2d8ab35748ba81954dfc0d4dd56ed4d6787c33cb85,2026-09-26T07:48:20Z,2026-09-26-36227868672
2026-08-31,6197acfd9ce0398a316c6ca5825db9718819ad4b908bbce29b924543b25e21f1,2026-09-26T07:48:20Z,2026-09-26-36227868672
2026-08-31,61b97dac9badf9b5d7325005be80ae8c9635cbbe6c1afb24426b4bf2135dec8e,2026-09-26T07:48:20Z,2026-09-26-36227868672
2026-08-31,61b9f93ef4358eabc6ede4c89e3470c996751e496ac161e7979a292c935e4301,2026-09-26T07:48:20Z,2026-09-26-36227868672
2026-08-31,6219c77f61d2754524e2326087a5570f80291478b327dee5ad5fc039e2f29f5b,2026-09-26T07:48:20Z,2026-09-26-36227868672
2026-08-31,626f20f1c96d1fbe6f61a6b490379e1aa2b3e5ae29a2973b804a91b82b80421e,2026-09-26T07:48:20Z,2026-09-26-36227868672
2026-08-31,62f79b169d4cad3b04c35de88dfb1ca61ca73d8e3779ec89a7c7046897ab507a,2026-09-26T07:48:20Z,2026-09-26-36227868672
2026-08-31,631d364e718fff4de7bcf81c21edc753ab45a2763b2321ed58976e27f26f8e1b,2026-09-26T07:48:20Z,2026-09-26-36227868672
2026-08-31,63761156c30ab46655c9d051cdc14161ebf7aad4bb92adc3d2bc9adc71374ea1,2026-09-26T07:48:20Z,2026-09-26-36227868672
2026-08-31,63983cde83373d21c7baf40fff08898db3e86ebbed6d9aa665e3f095ae99c74d,2026-09-26T07:48:20Z,2026-09-26-36227868672
2026-08-31,63d066002488f6ff2a420b7ef1659b260d3836b60a8d4ad5dc59da90ad5855fc,2026-09-26T07:48:20Z,2026-09-26-36227868672
2026-08-31,649163e34fda4c3a8e240a490fe4355993db451de16aa7cbb9eac7be3dbeb5d6,2026-09-26T07:48:20Z,2026-09-26-36227868672
2026-08-31,64e5b8c81ef9f710a5e8b1f8a9258c6f1a314d0b2b70a84a094efb5ffcf48c8d,2026-09-26T07:48:20Z,2026-09-26-36227868672
2026-08-31,64f7d9339e46d574705e0464c83e60191eca9775621d41d88eb931cd85b5c3d1,2026-09-26T07:48:20Z,2026-09-26-36227868672
2026-08-31,6577851f0eb72c11afc7cffb47b838b61518537f181c5bd5cba5519dd5cfa87c,2026-09-26T07:48:20Z,2026-09-26-36227868672
2026-08-31,658482ca5ee917b6ed4aeaab3287e04a7fa18cdc4fd4810a8a327e7742ca65a4,2026-09-26T07:48:20Z,2026-09-26-36227868672
2026-08-31,65c82a2822a6a4c9768e3cfe9b3e645f8587c1dad5a1edb5529f9048876c76bc,2026-09-26T07:48:20Z,2026-09-26-36227868672
2026-08-31,65c97bd2126e883bfdc5d0dac7e2fd96ef515edfed0f6bd220af946ab66d1fab,2026-09-26T07:48:20Z,2026-09-26-36227868672
2026-08-31,6690b3086d80cc3480b25e91f174fce9630f9c05368ee7e649703353e54b5a34,2026-09-26T07:48:20Z,2026-09-26-36227868672
2026-08-31,66f8904bbe0f4da6eaa6bbcc6342d2c60189c9cd37cc41e5acf54a0878c3e82b,2026-09-26T07:48:20Z,2026-09-26-36227868672
2026-08-31,670b8c214d866c107ace450324652743b92598688648ad7c5d04927aa027bbb5,2026-09-26T07:48:20Z,2026-09-26-36227868672
2026-08-31,6747f9e069d62be97341a546cde252675ba319b195b6dcb5e6f893ddf304a129,2026-09-26T07:48:20Z,2026-09-26-36227868672
2026-08-31,674e2fe4231ed4117a0e96e14ac23176c5f685209beb5d6816de02145770a13a,2026-09-26T07:48:20Z,2026-09-26-36227868672
2026-08-31,676d178016bdfa956c0a1d6fca3df7fc91702b10a47294353961e5b397717f1f,2026-09-26T07:48:20Z,2026-09-26-36227868672
2026-08-31,6819b8da7a80f06393c556635587080a2cbe3b3bd734d2a0cb47f2df0be3f1d6,2026-09-26T07:48:20Z,2026-09-26-36227868672
2026-08-31,681ee1675fb56333546b6e0e1532ed3997727d6aa86a3cd14d47ca244edebdf6,2026-09-26T07:48:20Z,2026-09-26-36227868672
2026-08-31,6843d07d123fc60fdc3cf9f578ccf33ead1f2c4f00631bc1168131615ca1a334,2026-09-26T07:48:20Z,2026-09-26-36227868672
2026-08-31,6852dadbb00057b21b59e1ecf38a3290c7f7c48fc613c7eb6a63178b4ec380c2,2026-09-26T07:48:20Z,2026-09-26-36227868672
2026-08-31,68f7bc1b06f77b52097c87452a70a7903d2093ffa059daf03f666b1fba08f468,2026-09-26T07:48:20Z,2026-09-26-36227868672
2026-08-31,69005689a0fdedc871277dcca6f89b17ba4dc57cb7a9b28c987d544c6b695b52,2026-09-26T07:48:20Z,2026-09-26-36227868672
2026-08-31,6a33b22c5112503c105d86744d8eef4364d6b096ca8a3533964adb36da20283d,2026-09-26T07:48:20Z,2026-09-26-36227868672
2026-08-31,6ade629b3f122761a7daa0bec0468df8cc95e458977ccfdbba0b7d7bb9c66072,2026-09-26T07:48:20Z,2026-09-26-36227868672
2026-08-31,6ade9b3a5b20e820844298ff9a016c2b7812eecc26a9ee6c1dc050af9b3af659,2026-09-26T07:48:20Z,2026-09-26-36227868672
2026-08-31,6afb90de385a356961db861a2e99c89e97f2ec119797416bc1bcea4be01cda7c,2026-09-26T07:48:20Z,2026-09-26-36227868672
2026-08-31,6ba9c25973c3e1223a89f44fa7098dd94a3fdf9f30a4b76bf53aab93842c2dfb,2026-09-26T07:48:20Z,2026-09-26-36227868672
2026-08-31,6bbf0f65bf1f652caac8a6d0a96114cd28ea875e6b22a6a1c2e5d1392c0116c0,2026-09-26T07:48:20Z,2026-09-26-36227868672
2026-08-31,6c80d8fd54c5a3f5c9fa7cab7d1f8c99dd0d9379f36ea3844bcd48bfd944d7cf,2026-09-26T07:48:20Z,2026-09-26-36227868672
2026-08-31,6c981b968e893aac0abeb85d6abbb0812e14779ae39d27d04ba6290f9aba8884,2026-09-26T07:48:20Z,2026-09-26-36227868672
2026-08-31,6ca0e4b904683f3cf635fd3be3792f3afac3f6896dd996726d274384d7c6d877,2026-09-26T07:48:20Z,2026-09-26-36227868672
2026-08-31,6cb2e17d697cfd92062147bd5ae198b851afc858ce249ee5b586a8a5daee1948,2026-09-26T07:48:20Z,2026-09-26-36227868672
2026-08-31,6d20b12b5d1050e74084e7872f3a71191ce5587d70dc538a1a74936623470e98,2026-09-26T07:48:20Z,2026-09-26-36227868672
2026-08-31,6d44065bf42425f3e7ae28c9c25af5c1ac136cec6f82c0c04b83c204b2acca48,2026-09-26T07:48:20Z,2026-09-26-36227868672
2026-08-31,6d4dc053dd04837a22cb862688b2b4414c7038b7278131f51d26f595862ad80d,2026-09-26T07:48:20Z,2026-09-26-36227868672
2026-08-31,6db21366c9a908fbc6e620d07ced87af280b1548abe562ea20364fb0761eb55f,2026-09-26T07:48:20Z,2026-09-26-36227868672
2026-08-31,6dbe388fbeaa25bd05f4c8a45e48c611bb1295db3e2b404dc7860663f0832912,2026-09-26T07:48:20Z,2026-09-26-36227868672
2026-08-31,6de53ee389b619003068b2c2ec5296cbec7c5c536ac9844bf7ee85d0a82aa63d,2026-09-26T07:48:20Z,2026-09-26-36227868672
2026-08-31,6de9f5b4e7cff200f2f416826f0ad456e8adf256ccf383896992fdff9f0ae89c,2026-09-26T07:48:20Z,2026-09-26-36227868672
2026-08-31,6df1038c4f73c1a31c1ffbe5a7d6d22e45efcc7374d7e5d3d57be537648bcd86,2026-09-26T07:48:20Z,2026-09-26-36227868672
2026-08-31,6df75e045ef85b10f55277c98654b7535b300fc437c8a13fc67efd3af964cadd,2026-09-26T07:48:20Z,2026-09-26-36227868672
2026-08-31,6e24bde7a58b1c1c0b24821ea733899144464bc9b167338e77a73892c1717187,2026-09-26T07:48:20Z,2026-09-26-36227868672
2026-08-31,6f573005690da6529b5480a945be0e57f9f9696f5ccbd42a771fe0980ba759a7,2026-09-26T07:48:20Z,2026-09-26-36227868672
2026-08-31,6f95a491ab7321b21a16ce8db2118db010b38138b8b06ed4d3f598531e0b7cea,2026-09-26T07:48:20Z,2026-09-26-36227868672
2026-08-31,6f9d26fbb2deb539ade4dafc43af7c6e3211af685e7461d37975d058230ca97c,2026-09-26T07:48:20Z,2026-09-26-36227868672
2026-08-31,7015a92e19d017b364388b26539e213da1f3566b0c9fc74396a5546aed0f1bfd,2026-09-26T07:48:20Z,2026-09-26-36227868672
2026-08-31,702a83f638a843577eb167623b976079c9f22bf1d9602d225f514b15253d9623,2026-09-26T07:48:20Z,2026-09-26-36227868672
2026-08-31,719ab391b7d7d7962bf78a39c493da2090529a1443e179d140a83ad02828a734,2026-09-26T07:48:20Z,2026-09-26-36227868672
2026-08-31,71c220a30e0f5b7519d0de883ac29e4b5d188e9aaaae15b7f81cd3f337fe57fb,2026-09-26T07:48:20Z,2026-09-26-36227868672
2026-08-31,72432027d69a601c8a5f35a2ab0e0814f0621e1c7e88cd81d1999143cbee111b,2026-09-26T07:48:20Z,2026-09-26-36227868672
2026-08-31,72cd5467b40a99ca992c31f85a695f8518adcb2df3106b0436e87a182f8e3d66,2026-09-26T07:48:20Z,2026-09-26-36227868672
2026-08-31,72d6ccba6a22652a9f9c8715f4d77a6ef91eb115b2c6d95cae1f6b70acfa4e05,2026-09-26T07:48:20Z,2026-09-26-36227868672
2026-08-31,7321e46be5009f39770298a4a39ce69bcb49d22fd926120fd5a86c59047be5ec,2026-09-26T07:48:20Z,2026-09-26-36227868672
2026-08-31,733c6718cf27e56ac7fc26390abc98dabe548192acd45a87b25f89389c03a3f1,2026-09-26T07:48:20Z,2026-09-26-36227868672
2026-08-31,738ff16f2e454712b9197e34934969715b552a24196ab23a7ba781674ddda825,2026-09-26T07:48:20Z,2026-09-26-36227868672
2026-08-31,73db6e467e85aab8f2aa83e5a10fb48d965627d0c3e14431ac2d6e1c177b5a5e,2026-09-26T07:48:20Z,2026-09-26-36227868672
2026-08-31,74765a1d754efd965e9c6c32467dbf606dc02f6f6b6841236fd19c6df4433a31,2026-09-26T07:48:20Z,2026-09-26-36227868672
2026-08-31,75748e18ad5d4a10ec75cbdbfb2ac7bbcbf588f507ab0e35a05b902e48455347,2026-09-26T07:48:20Z,2026-09-26-36227868672
2026-08-31,757ac82f803a29686a2382613c13c742d4027a6088306fc312a4eaa216bdd1e3,2026-09-26T07:48:20Z,2026-09-26-36227868672
2026-08-31,75917a5eec8e1953e4ce1221ed473dd40c15cc4775ef658f1dacf79fc2ede5da,2026-09-26T07:48:20Z,2026-09-26-36227868672
2026-08-31,75a97e66c9dfdaf4adde54174824191c70f7e5c8c58594a3aa99d67395e24df7,2026-09-26T07:48:20Z,2026-09-26-36227868672
2026-08-31,7607b4619fc90cd079eb591af7564b37505e83902a2d3c152fb804ce210ee3fe,2026-09-26T07:48:20Z,2026-09-26-36227868672
2026-08-31,76697627ae37ac16b0cccf41e86b06f19ea3820c5815fd176959f0d8b2bfdf87,2026-09-26T07:48:20Z,2026-09-26-36227868672
2026-08-31,76f4c044095a66b400d52ef9970a5ec049261ff9af5dc34f8010adf0e2fa8e51,2026-09-26T07:48:20Z,2026-09-26-36227868672
2026-08-31,77bc2fec3310ffdd98cd4e90a6dc687f630076564fb78f3714abd7b3ebe583eb,2026-09-26T07:48:20Z,2026-09-26-36227868672
2026-08-31,780c5731b8ad8799afd999703b7b97635f1761248fa3ad5aa4a2dab4584b77dc,2026-09-26T07:48:20Z,2026-09-26-36227868672
2026-08-31,780fd63a0be09e647c220ee096903d1b82d67648967a15ab6bfa04b509cde36a,2026-09-26T07:48:20Z,2026-09-26-36227868672
2026-08-31,7816bc2202bc32c79595b88f3cfc029d852e28cf193c3b8d4387b65d862d61f9,2026-09-26T07:48:20Z,2026-09-26-36227868672
2026-08-31,78747a778161246979c489e82cae6ef6fe06876c79857b0e936eaccf8889e158,2026-09-26T07:48:20Z,2026-09-26-36227868672
2026-08-31,79a39241717041076d7bb92da95989903482e9d19587e782a1f33d5abeffeb29,2026-09-26T07:48:20Z,2026-09-26-36227868672
2026-08-31,79b9cae9da96127326772c62f473afbcbae78bf0f38ed5add9818f084b458a19,2026-09-26T07:48:20Z,2026-09-26-36227868672
2026-08-31,79e79d187db2488f9b532937750e6956fc7cedd4e5ce23fe49c0d788241b57f8,2026-09-26T07:48:20Z,2026-09-26-36227868672
2026-08-31,7a624fe1165b98e59197b08fdf4882b06124b3e3e4d50d43506764fdddc83f81,2026-09-26T07:48:20Z,2026-09-26-36227868672
2026-08-31,7aa83a4ed011494790c5bc82230223a0901b85ba92b9bf50e548138095254b4c,2026-09-26T07:48:20Z,2026-09-26-36227868672
2026-08-31,7b10028f1fc76f0456fe89e37f0d3d09000453f49b259d7017de8d18366dc210,2026-09-26T07:48:20Z,2026-09-26-36227868672
2026-08-31,7b1633c322cab150955587ef5e5d907f206140ba83e2913e11eeae3fb53dceae,2026-09-26T07:48:20Z,2026-09-26-36227868672
2026-08-31,7b1f14e3690c0e59e7e692c79974772ebc1df635b5a80bf28bcdf609e2eae866,2026-09-26T07:48:20Z,2026-09-26-36227868672
2026-08-31,7b4c3af5b96ef3d5af3aac81b9aa0d1105dbefc6eace280b133b0585a654384f,2026-09-26T07:48:20Z,2026-09-26-36227868672
2026-08-31,7b61a2fe994554919af4a251727d3e7fb519e33af0f7bbaf6c02bfcdd7d312a9,2026-09-26T07:48:20Z,2026-09-26-36227868672
2026-08-31,7b934b2fd535ee88ef42464f6b886d5af555edc9aa2cb133255a203622dc1ee4,2026-09-26T07:48:20Z,2026-09-26-36227868672
2026-08-31,7bf75005eac9a26801829c0a6adbd3d4c8861f12bf8823a79e7352ec0d06b318,2026-09-26T07:48:20Z,2026-09-26-36227868672
2026-08-31,7c82ea9f05e100ca01dc3562524ee029840518f29e8246ea021912345a9648c1,2026-09-26T07:48:20Z,2026-09-26-36227868672
2026-08-31,7cb617806f0d287eae43e6918907e45665f6c13bd93493aff491001e59748d14,2026-09-26T07:48:20Z,2026-09-26-36227868672
2026-08-31,7d4f77e12a1d83fa888d208b2052889cb58e793d08006d5eb161d1b06842ed9b,2026-09-26T07:48:20Z,2026-09-26-36227868672
2026-08-31,7d64c879e7bd469ef27dadc0da103b50b0e6cb91aab968c5e799262faafaedc0,2026-09-26T07:48:20Z,2026-09-26-36227868672
2026-08-31,7de5cfb541e0f3502cc8faeba3fb8338c1641e499c1cb603cc3f0503bcc52dd9,2026-09-26T07:48:20Z,2026-09-26-36227868672
2026-08-31,7e0514c357af549ea96ea1738c09463bd1ac729c7e4b673c562d27429cdc7d06,2026-09-26T07:48:20Z,2026-09-26-36227868672
2026-08-31,7e1626e6c4816656d332d434e297c423304343f7509b85f561e02f534fe277c9,2026-09-26T07:48:20Z,2026-09-26-36227868672
2026-08-31,7e20918a1d7820c54f06d43248dfc2683f044304d5f396c6ad5a41ee8cb6d5df,2026-09-26T07:48:20Z,2026-09-26-36227868672
2026-08-31,7e4c8be9f21007974b1bf450ebdd74542b9fd16cf57001ef84bf79943774c957,2026-09-26T07:48:20Z,2026-09-26-36227868672
2026-08-31,7e6db0b7fcc1e05660f2cb42e821c4709711fc63e0857c42015da006e11e02a0,2026-09-26T07:48:20Z,2026-09-26-36227868672
2026-08-31,7e8c685e34de0eabd8786425cb2b0b78c3fd2767819f69add3953e87a1635193,2026-09-26T07:48:20Z,2026-09-26-36227868672
2026-08-31,7ed94a0379f176e92ee1c7278fee5bc78712bb0fec1b741c7c4095a9ec0712bd,2026-09-26T07:48:20Z,2026-09-26-36227868672
2026-08-31,7fc672768bdc43f8027b34712c0b4d289b0e4f203ae79223bce3491446bf76cb,2026-09-26T07:48:20Z,2026-09-26-36227868672
2026-08-31,801beffff4b0e3adc166060dfac0cdd20efe150def2e35e0eda8e67f29c7e95b,2026-09-26T07:48:20Z,2026-09-26-36227868672
2026-08-31,80516dfb4417cb13c3a135b4c55ba50aebfd8c33db16713570924942fde8448b,2026-09-26T07:48:20Z,2026-09-26-36227868672
2026-08-31,808ba809550128a6d546001c2077093f2a024ae467ca0f86d5fa7480189aca34,2026-09-26T07:48:20Z,2026-09-26-36227868672
2026-08-31,80ba8ec40809f21b79708772237cd74789625aebaeb87295f4b279c23b98a29a,2026-09-26T07:48:20Z,2026-09-26-36227868672
2026-08-31,80e3fca6dd80e4c2455a6515447f7ea117ae1d52a25fbae74438856ebee9f670,2026-09-26T07:48:20Z,2026-09-26-36227868672
2026-08-31,810887a585ef0197628087c9e96b9795469474f91e828ee7f212734c63b802c3,2026-09-26T07:48:20Z,2026-09-26-36227868672
2026-08-31,816ead01ef5594facb03e13bf3f36a87d75196970c411c0e9a5d16915b52eb6d,2026-09-26T07:48:20Z,2026-09-26-36227868672
2026-08-31,81821d3ee8c5f5db6318076c1577ab70d734a1beffddf76be6132d3e5a60121d,2026-09-26T07:48:20Z,2026-09-26-36227868672
2026-08-31,81c81c681f9ba8891a72863975167ebac25a4a99014434d21ea929373c0cfd20,2026-09-26T07:48:20Z,2026-09-26-36227868672
2026-08-31,81db1262783b1f7e6f8fd331d9b23bbe47552888c8311f038b883138dee3ed3e,2026-09-26T07:48:20Z,2026-09-26-36227868672
2026-08-31,82006c3c16f8f379f700e60457da8f6f783f2fa4419c70fc302df533570bb928,2026-09-26T07:48:20Z,2026-09-26-36227868672
2026-08-31,82add7e077535ee76f0cea3c1ea71d78cb83ccd7926ef156418ce83880f4a0bc,2026-09-26T07:48:20Z,2026-09-26-36227868672
2026-08-31,83508887ce1c6ff55f5f561aebb652df66898c5b133704b72699ea346d1d9d39,2026-09-26T07:48:20Z,2026-09-26-36227868672
2026-08-31,83a9b449abc6de7ed44704ef60bb1dbe711dd59ca8dd976dc6a763b878fdf36e,2026-09-26T07:48:20Z,2026-09-26-36227868672
2026-08-31,8412f972c270506763a1e06ca8426c812ef978f8a619e3123333d8e843d38888,2026-09-26T07:48:20Z,2026-09-26-36227868672
2026-08-31,841967dbcdfd0fb795bad8a4d6bf36e49774cae32e8fc042e28b06294251a1d9,2026-09-26T07:48:20Z,2026-09-26-36227868672
2026-08-31,84959d0048ec6a5e58c73d03765d12eb1ac2f891fb88b81d0d839a38da806dd1,2026-09-26T07:48:20Z,2026-09-26-36227868672
2026-08-31,84decd8e4a4d69001bc688ca1677a5d0d94d51d22e74267c15a05ce50eaff96a,2026-09-26T07:48:20Z,2026-09-26-36227868672
2026-08-31,85671b2ae07e3b328732041760849bc373f036cfc636b3caba0d00a945cd3c6c,2026-09-26T07:48:20Z,2026-09-26-36227868672
2026-08-31,86183c12b26c523b6623f14ae178fee1e7302d6ca77132124313a3df2b542f9a,2026-09-26T07:48:20Z,2026-09-26-36227868672
2026-08-31,8633ac5c9d979dffd079efc920395338e46e5fd256cbf077e2b6ba3c4b6cf786,2026-09-26T07:48:20Z,2026-09-26-36227868672
2026-08-31,874e3572f69c4d6235304960abe4b2b552fc1729c595ea5011fe38d2a959de49,2026-09-26T07:48:20Z,2026-09-26-36227868672
2026-08-31,8809d3ada25ccf22b1441fdc1af5f4e16ac788f0c8dfb4ec7d70108f48b119ba,2026-09-26T07:48:20Z,2026-09-26-36227868672
2026-08-31,88659c65061210d9d8e5b298298257073260d62487e705702d71f20412809b5d,2026-09-26T07:48:20Z,2026-09-26-36227868672
2026-08-31,897aff9e66dc512d96374f8c998bc6abf1380e305cd27bac450c522ceeda4f43,2026-09-26T07:48:20Z,2026-09-26-36227868672
2026-08-31,897fd3cb255f32c3ba1a6842cec9f74f725e0ae49ecad31ce73e5ee6074920c7,2026-09-26T07:48:20Z,2026-09-26-36227868672
2026-08-31,89c60b64128f728da45b76e2d3fefb3e9143d9fffe2526ecdbf5b0989bfdef0f,2026-09-26T07:48:20Z,2026-09-26-36227868672
2026-08-31,8a127ec7e761b05efc8fb016844654b3b318342712af2268db84792d420806a2,2026-09-26T07:48:20Z,2026-09-26-36227868672
2026-08-31,8a2a9fd0593a16c67d3f27dc153675f61ffce6cf8c22d2746974a138f7fd5fc0,2026-09-26T07:48:20Z,2026-09-26-36227868672
2026-08-31,8a323e1657aea71cb32311a26d898b77bea4be86b4e0089d983e37222a237f61,2026-09-26T07:48:20Z,2026-09-26-36227868672
2026-08-31,8a90cb60ab6b9a0def79d14bbf1942e173dbf8045308559aa4027d0723d2b802,2026-09-26T07:48:20Z,2026-09-26-36227868672
2026-08-31,8ad55a33db4a874d5970930a92fd1976b3e41d05b5c2b2675cd34c9b2602fabb,2026-09-26T07:48:20Z,2026-09-26-36227868672
2026-08-31,8b3c1399d8409f8aef63c8cc58e1d9d4900d840afe9cfef7e2e3a17303f938d9,2026-09-26T07:48:20Z,2026-09-26-36227868672
2026-08-31,8b8615156f32ed6ccefce1d6f69e03a4de2737ac4602dc149ae6cb33cd65c7c1,2026-09-26T07:48:20Z,2026-09-26-36227868672
2026-08-31,8ba74b46c21d4e77a4ff516c8a801b3bb276df8a2a98815113a402bf39e3f75e,2026-09-26T07:48:20Z,2026-09-26-36227868672
2026-08-31,8be70d99b4ac9bd19c6f35a21b868eb48a8d01943735dffa1e710dc5b6d29296,2026-09-26T07:48:20Z,2026-09-26-36227868672
2026-08-31,8c14f91c8d2cb409c8633e746c6d29a519304f255389b1f2818a871959884a71,2026-09-26T07:48:20Z,2026-09-26-36227868672
2026-08-31,8cecfec4ff6b98b740081b4ee1cce26e76e9d9cde682a62be5f325e0158872c6,2026-09-26T07:48:20Z,2026-09-26-36227868672
2026-08-31,8d15707b66831d90b1b13150da06ca332b9965122becb6a28b745fc8a8ca6b2e,2026-09-26T07:48:20Z,2026-09-26-36227868672
2026-08-31,8d418fb8f5277642a9ee730699ffc7d1621fddbdd5982d3438c4427afb9016fc,2026-09-26T07:48:20Z,2026-09-26-36227868672
2026-08-31,8d566855ccf293b1892952dd13f96aa8bb8c15ab6dbb22fd79c5f0fe94ed52bd,2026-09-26T07:48:20Z,2026-09-26-36227868672
2026-08-31,8e5e7e55fc1332c7a4fc736db26c9ba457e3b1dbd131996f71a3b0f3fde0daab,2026-09-26T07:48:20Z,2026-09-26-36227868672
2026-08-31,8f437f152664252d544069926b706c83a51f9388c31ef033676e95774312ba93,2026-09-26T07:48:20Z,2026-09-26-36227868672
2026-08-31,8f4b6b08a3998d22f3c81bfff7b569315067fd2fdb6f1e9269de1b0a3152af8a,2026-09-26T07:48:20Z,2026-09-26-36227868672
2026-08-31,904940ecde9af8ebe44c54e9e8c6c8d74b24493a68c51fa63ff4f358026ffad1,2026-09-26T07:48:20Z,2026-09-26-36227868672
2026-08-31,9083a8727d161c4d479e321e17bca2ef682a1adf1fafb1b89b9e4a4faef0d390,2026-09-26T07:48:20Z,2026-09-26-36227868672
2026-08-31,90d90fb5aec9bc4dce7109276a65db179acf78d331459470cf02d5e597bd461a,2026-09-26T07:48:20Z,2026-09-26-36227868672
2026-08-31,911a4bf7f7ed291990d876103f5fdad6764b8e75cb9dbf5b58b9f43516957ee2,2026-09-26T07:48:20Z,2026-09-26-36227868672
2026-08-31,9164ea83ae703200e3ffd3e0b10d8d0f8afc71005649ce2c4317e46fee9c941c,2026-09-26T07:48:20Z,2026-09-26-36227868672
2026-08-31,91774f512bf91ae021c310f2d4d9ae6c6c8bbd8aa4ddde8a3109974d9fb4a1d2,2026-09-26T07:48:20Z,2026-09-26-36227868672
2026-08-31,917a8b846e240defb7674e6e0e682b649d8a6eb88a630f8066807c3dd2346aab,2026-09-26T07:48:20Z,2026-09-26-36227868672
2026-08-31,91b2a9c6b2abe3c7eae5b0e1946d080cbdf3ca354c72e311e3440cbc96fe2ff8,2026-09-26T07:48:20Z,2026-09-26-36227868672
2026-08-31,9201b53e6fb9c0bcb03e30e02d31d379b5bfbd8acd3c85515a385221db6c77cb,2026-09-26T07:48:20Z,2026-09-26-36227868672
2026-08-31,925cfed79dd9bb18142ed6a4b1ff81a44c7ba946e4c594b784ca70ff834a374c,2026-09-26T07:48:20Z,2026-09-26-36227868672
2026-08-31,931e38b8d4aa898fe1bfbedefacf63414f2bae9f0b46d9efc9c33ff040fbc0e8,2026-09-26T07:48:20Z,2026-09-26-36227868672
2026-08-31,93ed7f6246a07f525b76771b7dc70fbef0d96435f5b07e118706dc48d8d9e1e0,2026-09-26T07:48:20Z,2026-09-26-36227868672
2026-08-31,9407d80e302d591c08ca32a7c54e82975203a1fa5ded403a5247defc862d610b,2026-09-26T07:48:20Z,2026-09-26-36227868672
2026-08-31,942aa5a6f92efbc667b9e729d2d6ae64fc8a6da984414f6bd1beabf77b94e742,2026-09-26T07:48:20Z,2026-09-26-36227868672
2026-08-31,9430fd1b9c328feed68baac644ed3ee956ceacf6b6b4fab6e06970be5dd725c1,2026-09-26T07:48:20Z,2026-09-26-36227868672
2026-08-31,9493eaa0135e6ce4249ce635a9eb0ea5a2090b9bf73f34e273220817b56ecd58,2026-09-26T07:48:20Z,2026-09-26-36227868672
2026-08-31,94d61cd717c124d7b14fb4857856afb1fb178578fc1268fe3eef8c6ce350ba24,2026-09-26T07:48:20Z,2026-09-26-36227868672
2026-08-31,951285f39a84b25d46f931fe5fbba8bd21bdec7376086fe79db83e4808e04427,2026-09-26T07:48:20Z,2026-09-26-36227868672
2026-08-31,9515c81ef25423ceafb1e3155d7ed49db56d2476f2f793bbcb11b5f78985522e,2026-09-26T07:48:20Z,2026-09-26-36227868672
2026-08-31,9532b5f09749d2ee932728ea9618e650afca21db50bd5f155c2ce65df154fe59,2026-09-26T07:48:20Z,2026-09-26-36227868672
2026-08-31,95519a48228ed5c2052dad94a4c08c6908d5992c213b9bcd4b4d5df347394af8,2026-09-26T07:48:20Z,2026-09-26-36227868672
2026-08-31,95582e165082be747d8ba509eb1060e03840ec41f149d4723e09fdca8cfc6c85,2026-09-26T07:48:20Z,2026-09-26-36227868672
2026-08-31,95988f10803333670a1ba0001686152b03df64d981f15d1856a01efa7af4c830,2026-09-26T07:48:20Z,2026-09-26-36227868672
2026-08-31,95c98f6277edb39d7b8d492bb3e19a1c8c2e906dbd55f5b3d82de94e56e6ad26,2026-09-26T07:48:20Z,2026-09-26-36227868672
2026-08-31,960bfc60449ce4094f2c3f9f0fb606197028cf74e93b452c34aca390a34adf95,2026-09-26T07:48:20Z,2026-09-26-36227868672
2026-08-31,965587c0cf5078a0fd976798d56f1833e0985af115ea85a1d96e5e307e618e51,2026-09-26T07:48:20Z,2026-09-26-36227868672
2026-08-31,96949a1bd8c748e659e9dbaabbbaf706719cc013836b662cbdb2a01ca545092f,2026-09-26T07:48:20Z,2026-09-26-36227868672
2026-08-31,978abd42bf0c8a14cd475c7e55071bb9d2727e0c1e9c4b77d29e94b3bee4fac3,2026-09-26T07:48:20Z,2026-09-26-36227868672
2026-08-31,978affff20d700643701c8b8afd96b3dc5d17ac2e7901e954ef193a90b03bd18,2026-09-26T07:48:20Z,2026-09-26-36227868672
2026-08-31,97da9ac5d55f6d3d38a72dfdf5aa0ba65db6b3bf0ae46786876ae063338d9148,2026-09-26T07:48:20Z,2026-09-26-36227868672
2026-08-31,98109ec4b1aed7fd9be496204e66c6874aefe666f6a145cb0e32c8ec9a9b2b54,2026-09-26T07:48:20Z,2026-09-26-36227868672
2026-08-31,988131714eafd6b99d4dbf90db91b5472d5d6eb543e460a5d4c308fc85e1e45a,2026-09-26T07:48:20Z,2026-09-26-36227868672
2026-08-31,98a68b0c94259e143ea38a3f307b1bddf59290b35f79083a6c08c5ff83b641d9,2026-09-26T07:48:20Z,2026-09-26-36227868672
2026-08-31,98c595018eddbf2d7462c2cb7f22d59e92b0108b7bc1a098660d612c38cabc7b,2026-09-26T07:48:20Z,2026-09-26-36227868672
2026-08-31,99025e7139d23f7eb0c6d5a0b863a7bfd605115d0573483ab10032a6b259afe3,2026-09-26T07:48:20Z,2026-09-26-36227868672
2026-08-31,9920c77c2fe3f09e852481bdf2fcb765cc662a294fe9b1faae32690e72b0c80d,2026-09-26T07:48:20Z,2026-09-26-36227868672
2026-08-31,9a3b3e8f01b6c97ce754da828d8a02f0a06830aecc4074a3618e7b7ca8e67254,2026-09-26T07:48:20Z,2026-09-26-36227868672
2026-08-31,9aec3c298146a052f680413fc4eb81396fda866ceafef11319c55725eda1a086,2026-09-26T07:48:20Z,2026-09-26-36227868672
2026-08-31,9b90b5c601c6e4d863a0a4c48e75a70056b85c8b95118eed9a1d4108b7aa397b,2026-09-26T07:48:20Z,2026-09-26-36227868672
2026-08-31,9bd83d85f66744b20af3245056d86d1f46434f70bda39f43b77c3a6bb423533e,2026-09-26T07:48:20Z,2026-09-26-36227868672
2026-08-31,9c39d761962ae10ff5fe6536fe8ae10f9c3271529d1ae44551a560274d15d997,2026-09-26T07:48:20Z,2026-09-26-36227868672
2026-08-31,9c46f24f47f24ac91c20d9492da1411a1393625d23e23c68cb4f19d5e005e391,2026-09-26T07:48:20Z,2026-09-26-36227868672
2026-08-31,9cc56f9c65e1413718b93e729d99d5ac145ea2e0371f4d9c07d26c64c56b7026,2026-09-26T07:48:20Z,2026-09-26-36227868672
2026-08-31,9e0988f42e194394b9675065e69fd9689916830d36ad50f9760d4171fa7b63ec,2026-09-26T07:48:20Z,2026-09-26-36227868672
2026-08-31,9e70456646d063e6baaaa347fbffb073fbbafecf6ea4dedb4bd01500907e36f6,2026-09-26T07:48:20Z,2026-09-26-36227868672
2026-08-31,9f5e8889fac09bbed75bd9ff4bfd58b7c5f0f86c1d66ce5d57f9fa34c7e31724,2026-09-26T07:48:20Z,2026-09-26-36227868672
2026-08-31,9fd3ad452b166acebc928c0018b2c83048c53317196023f7ef4d7307f7050412,2026-09-26T07:48:20Z,2026-09-26-36227868672
2026-08-31,9ff7574c6e95704937220036b1d1f0caf512bb3bf465fa6171e07d0d627c554e,2026-09-26T07:48:20Z,2026-09-26-36227868672
2026-08-31,a036934781693f540c64868d8b7e72b3f61e00763ebed3851c2557ac4f31c011,2026-09-26T07:48:20Z,2026-09-26-36227868672
2026-08-31,a07becdbe047836e968af866dc5296f8971ec4bea20a4f910c8f7c6c3f02f90d,2026-09-26T07:48:20Z,2026-09-26-36227868672
2026-08-31,a0f631398bbda447d06e21029aa95c125e31e195e3858986ad2151c93a90c73f,2026-09-26T07:48:20Z,2026-09-26-36227868672
2026-08-31,a10f1fa7ab5eec2b417ea255cb55f62558cb0fb417df0dcd973daed58a6ebd26,2026-09-26T07:48:20Z,2026-09-26-36227868672
2026-08-31,a1137075a4a57f4640471576af545d8cd7f54c6532d7ef6946b368898221b068,2026-09-26T07:48:20Z,2026-09-26-36227868672
2026-08-31,a14cc06fedd4fb341e51ab31b3ceb58e9e49b86c9a4b68722b724376958f0a76,2026-09-26T07:48:20Z,2026-09-26-36227868672
2026-08-31,a165d8b48014a55a3ab86f32646329c822389acd65f119524a27351c8cb97555,2026-09-26T07:48:20Z,2026-09-26-36227868672
2026-08-31,a195a23b4de00170b51e72874a9cfd4bb334848e9b8e677450f503de32eb5d54,2026-09-26T07:48:20Z,2026-09-26-36227868672
2026-08-31,a1ddfb4142a28991fb4272f8d472aa9ef1f33131393a8e37b38d2ae9abfa65f3,2026-09-26T07:48:20Z,2026-09-26-36227868672
2026-08-31,a21f17aac94be987c02393215b0db3429b12c38689ccbdd649ff685527718afd,2026-09-26T07:48:20Z,2026-09-26-36227868672
2026-08-31,a25640269a42ad08f09e3502f461318b90d1249416021bbd1467835ba4173364,2026-09-26T07:48:20Z,2026-09-26-36227868672
2026-08-31,a2711938a3058fc562ee9550f1dcc46cb60123d106b7eb12867175ea80ce1558,2026-09-26T07:48:20Z,2026-09-26-36227868672
2026-08-31,a2e6ee8cd7e0208dba2325c74e00f241c24f282471a348ecf449829bfeac864d,2026-09-26T07:48:20Z,2026-09-26-36227868672
2026-08-31,a3146d0424259957e962b606d65d15c2886342e53de1799c3d050261010514d4,2026-09-26T07:48:20Z,2026-09-26-36227868672
2026-08-31,a3183b7e2ed58ff087c69bb6328e92ce0389e6ebe78854a3bc325122bd83642d,2026-09-26T07:48:20Z,2026-09-26-36227868672
2026-08-31,a3777ee0e4baef17c5934032f50499e7b7a96cc6a78599103f9764fe910f40dd,2026-09-26T07:48:20Z,2026-09-26-36227868672
2026-08-31,a3ec63c5d29211bf8a0630e35d2148532a1ce91905d27f207f053e69c024550e,2026-09-26T07:48:20Z,2026-09-26-36227868672
2026-08-31,a3fedb6a8d3cea9139b14176c405584487d45c81c25ce9f4fbd8bd55b301997e,2026-09-26T07:48:20Z,2026-09-26-36227868672
2026-08-31,a42d57dfdbf9415cd4a898f727228edc81412acaa2d1d2e771feae67e07f7c9c,2026-09-26T07:48:20Z,2026-09-26-36227868672
2026-08-31,a4f6bfb8b44e47c9a8d64d26e97abffcb441d5a86b5496e809e54b3a0261c8a8,2026-09-26T07:48:20Z,2026-09-26-36227868672
2026-08-31,a52d54ab4355b9c27b274af406c0442fe9e33ce3c189be4958475378d4509095,2026-09-26T07:48:20Z,2026-09-26-36227868672
2026-08-31,a52fde56936a74b90775a0fefc6931f5a44fa50cf972a8bc295b74885b21d920,2026-09-26T07:48:20Z,2026-09-26-36227868672
2026-08-31,a5723b44ebf5d256ef57c8f182634478f9cef8fafa2cf11b57b723aeed057273,2026-09-26T07:48:20Z,2026-09-26-36227868672
2026-08-31,a5eaa69d3531147b3d180240fe709977fc449fe4fe9dcf1cde83ddf14042c3dd,2026-09-26T07:48:20Z,2026-09-26-36227868672
2026-08-31,a6b616624b29a6f4c6f52174418d0efec8b25d35d382ede872170e6099014bee,2026-09-26T07:48:20Z,2026-09-26-36227868672
2026-08-31,a6f69f60a14196d539b8a6ecb6e7e0c82cb866260f7a2e8cd13b59e840d6aec2,2026-09-26T07:48:20Z,2026-09-26-36227868672
2026-08-31,a7be9f1c37ba4449b0cff8e0941a85da248e3bbb131292e0a9d24c8c05b298b4,2026-09-26T07:48:20Z,2026-09-26-36227868672
2026-08-31,a821140a40f835e5a0f65bd1300d24eb6bf32cc30bfaa1df2f8a450727ff62b7,2026-09-26T07:48:20Z,2026-09-26-36227868672
2026-08-31,a8a9bb996e27fc5027268f1cd74fedf13c3816017086dfa9dd66e583d4c95413,2026-09-26T07:48:20Z,2026-09-26-36227868672
2026-08-31,a936725ff57eb325fe0429c120a8477c0eb726a64063158c412b40f6e802b621,2026-09-26T07:48:20Z,2026-09-26-36227868672
2026-08-31,a9b8f76a338e21f07f68a64ab2bafaf52516cfe7e78817db8f508fafe777336d,2026-09-26T07:48:20Z,2026-09-26-36227868672
2026-08-31,a9c9f13352ee72a4af946efea6389226f9c6e2127b480290b31ea46ec9450678,2026-09-26T07:48:20Z,2026-09-26-36227868672
2026-08-31,a9fdcc134f1c222a173add528d86a5f0235b69b7ca0fecc5cdc7258f11e868e8,2026-09-26T07:48:20Z,2026-09-26-36227868672
2026-08-31,aa269c5435edbb0312a81f2105d9996ba202dd053b0a08eb7945372255134ae1,2026-09-26T07:48:20Z,2026-09-26-36227868672
2026-08-31,aa4f453644d48f88fd719d60db970c0f7de3aa14d9cc912a9094e2069cb24ed0,2026-09-26T07:48:20Z,2026-09-26-36227868672
2026-08-31,aac28137760851d4ec852c657da531fadefaeda843ae8fb95dc31ab0f95863fe,2026-09-26T07:48:20Z,2026-09-26-36227868672
2026-08-31,ab82d8dd0c9ed482d68c0693dbef9ef32b8019c63ca49f5d2fa5bc29687e4a0b,2026-09-26T07:48:20Z,2026-09-26-36227868672
2026-08-31,abd2c6d7b0d1dc42156e700826a46e12bb0058fbedfcd1989ed34f93b72059e5,2026-09-26T07:48:20Z,2026-09-26-36227868672
2026-08-31,ac15131d827ffd51dcbd4d9cb3b49b7e091105b770db075ed225a9cc52190e7f,2026-09-26T07:48:20Z,2026-09-26-36227868672
2026-08-31,ac443a0111a81e57319e07d50ce31e63854371e9e01175c4f2a5144983ab4a1d,2026-09-26T07:48:20Z,2026-09-26-36227868672
2026-08-31,acb8f4bcdfd077d9193da77a9ca62bc0feeb9bd8a2c0409cf9dc28683a459d74,2026-09-26T07:48:20Z,2026-09-26-36227868672
2026-08-31,ad2e1a97a9edcaf3821fde2e67fd50ca80a30da45905b4f0d09ebf8e10528148,2026-09-26T07:48:20Z,2026-09-26-36227868672
2026-08-31,ae6241264760326c72efaa4d1d2d6efccf7ce2a97db64832c2f1608a4a7c8cb8,2026-09-26T07:48:20Z,2026-09-26-36227868672
2026-08-31,ae7a70cf752ca48f39d3011bd2ebd6fa35d8a2c78d3f7e59f8ae3fbea0a8a0d8,2026-09-26T07:48:20Z,2026-09-26-36227868672
2026-08-31,af5eef4d0a14d5253ccb239e186538a3d83f6435191c10973fa25471bca50c32,2026-09-26T07:48:20Z,2026-09-26-36227868672
2026-08-31,b041d4af7dcec784ea0878558a598a7ca160bf78a36869dc2e4e2d5567dc44de,2026-09-26T07:48:20Z,2026-09-26-36227868672
2026-08-31,b0bd9a52eee56fd6da939aafedc9f77bb47111cae56b66065673719e23ac12e1,2026-09-26T07:48:20Z,2026-09-26-36227868672
2026-08-31,b0ce7c4e3e96540c6a8aab505a59becc2837684364791366450e4813ef56de47,2026-09-26T07:48:20Z,2026-09-26-36227868672
2026-08-31,b0e8746be226514ca48d4230aba6ca81d57b361236d2a2ef0442daeec94b7081,2026-09-26T07:48:20Z,2026-09-26-36227868672
2026-08-31,b1b3f142ee5f3ec6f6bd315ccb9c643ae4276d06ebe53e62b0c04e74ae9e5bde,2026-09-26T07:48:20Z,2026-09-26-36227868672
2026-08-31,b2a1753eef33c9e3e4377ace38a991098c87110e2c760db9844b5fdde50edffc,2026-09-26T07:48:20Z,2026-09-26-36227868672
2026-08-31,b2d37fb0eac591c38f1a9b58be873586bc856ebc247183b5799ce2dc0885ca06,2026-09-26T07:48:20Z,2026-09-26-36227868672
2026-08-31,b32f64d9a8522df8358c23e0fb872166bb1011f3c746fa234510123c9b1fe7ad,2026-09-26T07:48:20Z,2026-09-26-36227868672
2026-08-31,b3ce064e2e212685c45c03c2a058452ee067db00bc9add8139313d8f6f449e9b,2026-09-26T07:48:20Z,2026-09-26-36227868672
2026-08-31,b3dc2e68469a30468e1618bdc851631c9e447cc7dad40c37bfef52012828f002,2026-09-26T07:48:20Z,2026-09-26-36227868672
2026-08-31,b42670c9b7cdb4ccea140c85643663ac97f86f8e46d2b02bb4a1405c739dfc9b,2026-09-26T07:48:20Z,2026-09-26-36227868672
2026-08-31,b47b6a788f61d9ac0a1cee4f3a0e418e7a7b370ad033f79b63de23f65316dadf,2026-09-26T07:48:20Z,2026-09-26-36227868672
2026-08-31,b47c5b610e8e7a1cf76129e985c525a03fee3ec0e319b7f2438b6099a57176c4,2026-09-26T07:48:20Z,2026-09-26-36227868672
2026-08-31,b48d4565fb3c3ab716e28616aac2acb6db9df84ed9668bb066b06e31b37f1678,2026-09-26T07:48:20Z,2026-09-26-36227868672
2026-08-31,b52963138881a657d2a3ecb8b05828a464b040aa7dc45562feb4cf77a35ec9d6,2026-09-26T07:48:20Z,2026-09-26-36227868672
2026-08-31,b546e4178aae91129df498bf2471a6d8e39623c3dcac7e3384933c6dca7d143f,2026-09-26T07:48:20Z,2026-09-26-36227868672
2026-08-31,b5497c609d4a150d55cfe3042a58ea1047e6ffee9a79b4fb8c49f9e766de2e89,2026-09-26T07:48:20Z,2026-09-26-36227868672
2026-08-31,b5512ff7ce7f4fadaac68cc3b9e7c9eed9a170f8aa49a47fba34e9e3a32354a4,2026-09-26T07:48:20Z,2026-09-26-36227868672
2026-08-31,b581028c4f71666dc5a4c1b2046c1a6dc88b9268ab5f8d9d9d083c4b03fc76c4,2026-09-26T07:48:20Z,2026-09-26-36227868672
2026-08-31,b6239dd0ff3eda28c37e7a3e3882c97d848fc80b7dc8ba0fe7485390eb5df12e,2026-09-26T07:48:20Z,2026-09-26-36227868672
2026-08-31,b62a9b1f66b5d44e40a65ccc3685f3b250eb60b3ef0cec41018e8cd34f24a7a3,2026-09-26T07:48:20Z,2026-09-26-36227868672
2026-08-31,b6656f5f988c8a21a30fa99ecfc7d3d66bc643ac593947b6cc1820cdbde10382,2026-09-26T07:48:20Z,2026-09-26-36227868672
2026-08-31,b685d685731d219d562b192d5446ff73fb7dcfb19234fc6972934b1c0c4e8569,2026-09-26T07:48:20Z,2026-09-26-36227868672
2026-08-31,b6a37d11494a01a816e5999da61d8a25605733069e97e8249d70769ed3d2f8e7,2026-09-26T07:48:20Z,2026-09-26-36227868672
2026-08-31,b6cc6a0765652dca13153e04153496454e5831e41c281af0c6987bcc7dd265e3,2026-09-26T07:48:20Z,2026-09-26-36227868672
2026-08-31,b722641a432de8edbb3a30307489052fe8c0cfbf9fdc3b8aafc9c05b624657b9,2026-09-26T07:48:20Z,2026-09-26-36227868672
2026-08-31,b75519efcdd766872368e48112b8986070baeb945eef6b5fb8a606b6baa6315f,2026-09-26T07:48:20Z,2026-09-26-36227868672
2026-08-31,b7f5238f1905b1623fe5054013a9a9767ba53c44c461b4ba1895253abecadcbe,2026-09-26T07:48:20Z,2026-09-26-36227868672
2026-08-31,b93bc98b42b2693254a1779e42f503eb9ea0fb755b7219f412cd6a584385b4e5,2026-09-26T07:48:20Z,2026-09-26-36227868672
2026-08-31,b97c0b9e1105dea741fd1f9b426ee3610f6c1b805191b95238c73ac46211395c,2026-09-26T07:48:20Z,2026-09-26-36227868672
2026-08-31,ba439a9faa2e7aa60bbc9510a1781dda0e0639a21625477705aab9f734eb9135,2026-09-26T07:48:20Z,2026-09-26-36227868672
2026-08-31,bad403072bba44300584e5a6992ef50928331031a6a7c8fdd12a433a50043817,2026-09-26T07:48:20Z,2026-09-26-36227868672
2026-08-31,bc040dc11b929f0a0f3758ff1eb3839e7150c5e350f5107c6ff2233c24165d5f,2026-09-26T07:48:20Z,2026-09-26-36227868672
2026-08-31,bc2fb996fc2bc2c7ad27e85d067f964b2dd51f724e2500962f5477937b4eb2b6,2026-09-26T07:48:20Z,2026-09-26-36227868672
2026-08-31,bc651de4498ed15265a9eb36a7fcef601bfbddca148e1f9d530929995e13eca3,2026-09-26T07:48:20Z,2026-09-26-36227868672
2026-08-31,bce6b3878fd81ea615c79a97435d4a2478eb745fa565a6ca2cbb7f03e7f05507,2026-09-26T07:48:20Z,2026-09-26-36227868672
2026-08-31,bd3a779318745240a9054545fcfaa37baee5b34af1439db87cb9d5a55a08642e,2026-09-26T07:48:20Z,2026-09-26-36227868672
2026-08-31,bf4e2fd269d209751ece287f01a29fc3d103efe159b25ca9799c610d5ca3e3cf,2026-09-26T07:48:20Z,2026-09-26-36227868672
2026-08-31,bf4e8ce7c9c6aef73ad2e680a372a5db6929599681d77689c3845195eb92d3dd,2026-09-26T07:48:20Z,2026-09-26-36227868672
2026-08-31,bf5f356197fbf241f742e9868ff0d57726f13e968ed605290f80dd2d14a8318d,2026-09-26T07:48:20Z,2026-09-26-36227868672
2026-08-31,bfb2eee228a49128e1c75f4382ae9b1307c80e6519003e6ba11564fa9450d5a5,2026-09-26T07:48:20Z,2026-09-26-36227868672
2026-08-31,bfb5c0621ac27d3394245cad42e818e784538094a6630955377acc0e47a6bb92,2026-09-26T07:48:20Z,2026-09-26-36227868672
2026-08-31,bfe42b8a3101298c5e9b74dad8dd905941b28747a18067f397b976de1c2f2c1f,2026-09-26T07:48:20Z,2026-09-26-36227868672
2026-08-31,bfee350af34647e78535f046e7bf6281589029074ce733037b7c05ec4edca29d,2026-09-26T07:48:20Z,2026-09-26-36227868672
2026-08-31,c0f19aeac1c02f7f130248aca86b78a9d7d4d294ca65f1bb5e47c3274ad82c58,2026-09-26T07:48:20Z,2026-09-26-36227868672
2026-08-31,c1a8a0cc90a7b8d57ca2b9ba1a66cb8baef54481ac4f50b03d88fcc9f593ace2,2026-09-26T07:48:20Z,2026-09-26-36227868672
2026-08-31,c1c333f005903f4ced010ff4de9960caafc402655a6538317362dc99db940282,2026-09-26T07:48:20Z,2026-09-26-36227868672
2026-08-31,c233932041b5bfdd2dea7d7f9ebb6c14aa330cd09c87799924446fb4b87d0180,2026-09-26T07:48:20Z,2026-09-26-36227868672
2026-08-31,c23b5ee6639d20d7fe81f3e1b2be87b279e5d72430bfafcd8afdf05569f219e4,2026-09-26T07:48:20Z,2026-09-26-36227868672
2026-08-31,c242bfc820260df201dd62606998ce0b8ec1a92b452480993efc3cd5c756c0d5,2026-09-26T07:48:20Z,2026-09-26-36227868672
2026-08-31,c243033c79af039150b59b6874ae04045c1f0c3b50daa05dc69e0d614554ece1,2026-09-26T07:48:20Z,2026-09-26-36227868672
2026-08-31,c33017968d7f0fbcf1abf1b629ce544ad053791f1a4bc713fa2c048dd92e7ebf,2026-09-26T07:48:20Z,2026-09-26-36227868672
2026-08-31,c34d89a8c89e16e890b1cf5d1d89cd7716f97ae237d74fe378e903896c03b7c6,2026-09-26T07:48:20Z,2026-09-26-36227868672
2026-08-31,c350d39241857b109cea66d2b975ade3dda65dc81deab6afa21499c0e9f36cdb,2026-09-26T07:48:20Z,2026-09-26-36227868672
2026-08-31,c356bc7c63b5222179e63a76ec4421754586d558d4bfb38f539b98085b47e039,2026-09-26T07:48:20Z,2026-09-26-36227868672
2026-08-31,c37e8d57097321011d86a2b75a307e8cd7fd7e92d430f8f89dab816701a769ae,2026-09-26T07:48:20Z,2026-09-26-36227868672
2026-08-31,c3e5d81fea17e53c49517bf7bf1f1fd2f918025f958052f1532453f70c141d7c,2026-09-26T07:48:20Z,2026-09-26-36227868672
2026-08-31,c40c3225a9dab07bf81f4c7e3a9f3561cd5887187c4d84ff9b824cd019884325,2026-09-26T07:48:20Z,2026-09-26-36227868672
2026-08-31,c5097bc4a24367f7a97d1c8329c0cfcbbc49620e45bca7da29542a4928f33667,2026-09-26T07:48:20Z,2026-09-26-36227868672
2026-08-31,c5b196469f65221cacc4d112d52ba22490bd9bd5a96c87559800755815649bbd,2026-09-26T07:48:20Z,2026-09-26-36227868672
2026-08-31,c658418a5e545161d29ab6642b7b3dd15e53bafb45813c8ac55b5588c50ba64f,2026-09-26T07:48:20Z,2026-09-26-36227868672
2026-08-31,c69de9dc6e895bdd88b64f775bd305455e0a07bb68684dd18a22cf44f2bdebc8,2026-09-26T07:48:20Z,2026-09-26-36227868672
2026-08-31,c70a937296d944a05922747a51444624ff526328a928bac41dd12ba543b31127,2026-09-26T07:48:20Z,2026-09-26-36227868672
2026-08-31,c75898ba24b8e58f8315931fcd9992ab523864c7d112842581c6efd5e18a8bc2,2026-09-26T07:48:20Z,2026-09-26-36227868672
2026-08-31,c7ac7dd6d63bce9a4d8991cda1f1385ed9bf48d697165a4f481b5fc7f27e1e97,2026-09-26T07:48:20Z,2026-09-26-36227868672
2026-08-31,c8104eca6c99f26bf75d518105ab17c11aa830824875689a9abfaa04962e714d,2026-09-26T07:48:20Z,2026-09-26-36227868672
2026-08-31,c891596bdfd69d563f4542931910fa453f5862b454e0e36619a22eff8b056d2b,2026-09-26T07:48:20Z,2026-09-26-36227868672
2026-08-31,c8c7c0398179890de31cad333c724bf9583c369c397e75a9e3185b56940acd2c,2026-09-26T07:48:20Z,2026-09-26-36227868672
2026-08-31,c8e658977800d774a08701909095ece1bbad59c5a9fde0c68c6febad267f7d41,2026-09-26T07:48:20Z,2026-09-26-36227868672
2026-08-31,ca5d0a8d0cf204d791f0c82d7686ae3bcdc05218103dcab7ccef524f06fdb791,2026-09-26T07:48:20Z,2026-09-26-36227868672
2026-08-31,cad0ee98050a6dad32d4d9be746aeada404e8ff3d5a6f42176910c9a090df2cc,2026-09-26T07:48:20Z,2026-09-26-36227868672
2026-08-31,cadb754fc7ae32e1569b0c87197b313e6afb46db30fe11dec41cb3951150b823,2026-09-26T07:48:20Z,2026-09-26-36227868672
2026-08-31,cb0c78e5444545f336daeff08fdb288d0702c7ac03d0c26c8ce38c17675a9918,2026-09-26T07:48:20Z,2026-09-26-36227868672
2026-08-31,cb6e8ba416d558eabbe26ec7d382e1c14c7d799ca87665193ecaf2a8d9d6bda8,2026-09-26T07:48:20Z,2026-09-26-36227868672
2026-08-31,cba7a2efbcb5b8a0fbfc3ba167178883afb8e24a82c6779df5c5b06c27dea1e8,2026-09-26T07:48:20Z,2026-09-26-36227868672
2026-08-31,cbbdd442da02b49e562a7802d0fd8cd80b71c7a66fbc4fb201bb80236d1b8f94,2026-09-26T07:48:20Z,2026-09-26-36227868672
2026-08-31,cc58e5fa6fd4820792afd9be70f847b75f545c9f92682c17f73472bcd0794e4c,2026-09-26T07:48:20Z,2026-09-26-36227868672
2026-08-31,cce81e420eca0024cd3c0281d4c52c2296f0ba3eba954372f9f1396a95ada498,2026-09-26T07:48:20Z,2026-09-26-36227868672
2026-08-31,cd6ca869c8fc81c4acd0098e38a81261b947973abb8b5b987c165b339e75bbd1,2026-09-26T07:48:20Z,2026-09-26-36227868672
2026-08-31,ce361b8ef5aadad1e36ffe09caba24ea6221038c869c7fbc47ff83181af2a6ca,2026-09-26T07:48:20Z,2026-09-26-36227868672
2026-08-31,ce76ee83981b72a5608b80f2b35268354f049843eea347de743b4d1af5a17126,2026-09-26T07:48:20Z,2026-09-26-36227868672
2026-08-31,cf136a74fdb520eb67be41f70f7f50cd176e8e5bbbcf02910051fc91680efc54,2026-09-26T07:48:20Z,2026-09-26-36227868672
2026-08-31,cf9e0a30bdb6ef1ebb69c7e9df13792930433b043860ae2c9dad33cc4d5e7924,2026-09-26T07:48:20Z,2026-09-26-36227868672
2026-08-31,cfae4eb8db072a4ed6215a42acdb578225cda71e6ca80cce9c5d76b1c46e425b,2026-09-26T07:48:20Z,2026-09-26-36227868672
2026-08-31,d06504e76668c766c4e9293602ec6cc85f8c394c24c20d97119b0712c8785911,2026-09-26T07:48:20Z,2026-09-26-36227868672
2026-08-31,d096988ff92d4d5756ded606458f9daa5ab1b2008b5fde9c937fc94d9c8cb833,2026-09-26T07:48:20Z,2026-09-26-36227868672
2026-08-31,d0a4c1456e78b188b20b5df016bdd5dad43e913aeb18bee8eddbe42900fcf5f5,2026-09-26T07:48:20Z,2026-09-26-36227868672
2026-08-31,d11e50a81d9f48627716fbc4a1f037ced4243dbf211bc6c0b509801f8def0ac7,2026-09-26T07:48:20Z,2026-09-26-36227868672
2026-08-31,d127c5ac6cee518c075beb619c3ad242e16f8cda46ec1c76be25bf8fe5475972,2026-09-26T07:48:20Z,2026-09-26-36227868672
2026-08-31,d12e8dc4e8916b7b3db78c105e181ef3ad765bf3840221a9d346d65850a2ca94,2026-09-26T07:48:20Z,2026-09-26-36227868672
2026-08-31,d1ffccc8e7d1c5fa493ffe4f43c18fd8d938507c9cfdfe6844c1667108548e07,2026-09-26T07:48:20Z,2026-09-26-36227868672
2026-08-31,d3631f0077894b9df85c0b1fe54c7d88a4218e5238b608f3f563bac2e442fead,2026-09-26T07:48:20Z,2026-09-26-36227868672
2026-08-31,d4602532f7da4bd66232a0851e975170e538f2af39f955c5f0eb2984524a70d9,2026-09-26T07:48:20Z,2026-09-26-36227868672
2026-08-31,d56cec74d691189c3b0073ac70b64c45649359b65f6ff44a0c9e5424bdd4ec62,2026-09-26T07:48:20Z,2026-09-26-36227868672
2026-08-31,d573302166b5b38fa412ede80425a726b5cd0cd9414b44eda7f51daa4d531e2e,2026-09-26T07:48:20Z,2026-09-26-36227868672
2026-08-31,d57f178980c5172c5444094dc12069842e69f3d97edbc0ace66c54f7cea000f2,2026-09-26T07:48:20Z,2026-09-26-36227868672
2026-08-31,d80e3964eb0ab909c83a02e95542f44947bff19dfe65a047d552539303339b5a,2026-09-26T07:48:20Z,2026-09-26-36227868672
2026-08-31,d888c194651140adb7b764398509121a232f6ff09257a99b15032d6d0d92d077,2026-09-26T07:48:20Z,2026-09-26-36227868672
2026-08-31,d97d4112b76cba2b722ee0e0a0e4f946295f07e3d3bcb84da29bb5cd65272339,2026-09-26T07:48:20Z,2026-09-26-36227868672
2026-08-31,d9b6ae67c2f673b5c5c5ed55263e03d5dfd48cfd6a09c9a79ed1ef819f07bffc,2026-09-26T07:48:20Z,2026-09-26-36227868672
2026-08-31,d9cafec4ee8d966a76304eed902a93b456145eccbb7c29b3f9e769b2b2d2dea9,2026-09-26T07:48:20Z,2026-09-26-36227868672
2026-08-31,d9d8987d6ba74204dffc6c312ffa7bf2c85f676be44e3470d167a918bde9b174,2026-09-26T07:48:20Z,2026-09-26-36227868672
2026-08-31,dafaad2a434592d9f248b21fea448c2ac743c57f42aadc32dfe6cae143404864,2026-09-26T07:48:20Z,2026-09-26-36227868672
2026-08-31,db239607f44409b4fe666b0e51e5b38d92d9620433e04ed18a425c769d9d006c,2026-09-26T07:48:20Z,2026-09-26-36227868672
2026-08-31,db2a2cb6489013b1658a0f7cb9323fcecc6ebe372c8ce560ff3196b9c5f8df73,2026-09-26T07:48:20Z,2026-09-26-36227868672
2026-08-31,db8d11e6f9834d713d1603f23758c496dc49eee0cbe20eb225a120553a621cc0,2026-09-26T07:48:20Z,2026-09-26-36227868672
2026-08-31,dbee43b15b55a9749386d8e397e89fab147e16cea138aa6e23bb3560c6fb7dbf,2026-09-26T07:48:20Z,2026-09-26-36227868672
2026-08-31,dc0f7d935dcb6176a3562e3147ab8716a06a32b0c7b6a5e24da0c84db17e5284,2026-09-26T07:48:20Z,2026-09-26-36227868672
2026-08-31,dc3244761cb2705f0d23ec9e1e035a28cbb05c83bc377df697981505ed747cb7,2026-09-26T07:48:20Z,2026-09-26-36227868672
2026-08-31,dd15acdfcb3a1abbcc951c1789c04492691e225eb01820787830fa8edac59ba5,2026-09-26T07:48:20Z,2026-09-26-36227868672
2026-08-31,dd34f830691e65a69fc38cfa0aa99e1480bb9c84177f7bd761cd3f91def14d0c,2026-09-26T07:48:20Z,2026-09-26-36227868672
2026-08-31,dd908e1a9e77ff31c6b67d34d6e9e1f4dd06ff67c496c137e5d08b01437e093a,2026-09-26T07:48:20Z,2026-09-26-36227868672
2026-08-31,dd9e455a6e563520d0d263084154d26590c0647e51f530a2e1336e492457ac74,2026-09-26T07:48:20Z,2026-09-26-36227868672
2026-08-31,dddb6400abe35bcf0cf0a5113a23d950237383dde195d5dbb79c6d6254787620,2026-09-26T07:48:20Z,2026-09-26-36227868672
2026-08-31,de19801a886ac960a8ee94f3a579336936618cb1f176f49bf6dec5d9cdc628cc,2026-09-26T07:48:20Z,2026-09-26-36227868672
2026-08-31,de3a6eb81f7308373577745c015a45ff398e03bc2254ca6e8a7aec8858c5d27d,2026-09-26T07:48:20Z,2026-09-26-36227868672
2026-08-31,de9dd638ab1a9b076dd050513b4e1acb3662bff3414c03ce892397c53561ebb1,2026-09-26T07:48:20Z,2026-09-26-36227868672
2026-08-31,de9e6797e0478c449d7e1dcc63865ee00d80022bd1e9a39f06a6bdb065bb0a5b,2026-09-26T07:48:20Z,2026-09-26-36227868672
2026-08-31,dea73e77e3976aa8ae1f4fa986a4e70071e80a582c996c034d788e5d81433fb5,2026-09-26T07:48:20Z,2026-09-26-36227868672
2026-08-31,ded85bd721f3907be0136904af83b378701f13157ddc294043a04350336b40ea,2026-09-26T07:48:20Z,2026-09-26-36227868672
2026-08-31,df0c05f826df3aa0e331ea91c6281225e64b7dcf659b8a483078abbf01b59ec9,2026-09-26T07:48:20Z,2026-09-26-36227868672
2026-08-31,df4f5ab996a5e5cfcd1ac51c7ab03216ebeb69de0aa5a942cc5ad190f2f9dbe9,2026-09-26T07:48:20Z,2026-09-26-36227868672
2026-08-31,dfb952e7c797678ef557d3c82c45bf4c7d7b9be5f85749705510a87c2aec32f5,2026-09-26T07:48:20Z,2026-09-26-36227868672
2026-08-31,dfc72162faf231e262b113d839d558de992732af73f4f376246a941f79c010fc,2026-09-26T07:48:20Z,2026-09-26-36227868672
2026-08-31,dfed928dd016a89f3bb9974ca188cc285ab643bfcc952b38c9e8d0a31ec0ea89,2026-09-26T07:48:20Z,2026-09-26-36227868672
2026-08-31,e00cbd57cdd452c6f3a441b20b1fb308dc69cec5937ac9f87e918cf8b863f572,2026-09-26T07:48:20Z,2026-09-26-36227868672
2026-08-31,e0595ecfb8ee278cd9103d78c4049ea8a6c967102507306f74d7822b1e276e4f,2026-09-26T07:48:20Z,2026-09-26-36227868672
2026-08-31,e0602e1791d748e8d5a52c1b92893484d1154aa74dfcdc31b3848905ec1bc813,2026-09-26T07:48:20Z,2026-09-26-36227868672
2026-08-31,e08846502b354020bae0d7d4a83958ec914d2b8f80e062ece3eea22475821e40,2026-09-26T07:48:20Z,2026-09-26-36227868672
2026-08-31,e0b6bf3b72fbecc1a6f8c8c4bc8c76879fa53e0ca3b9023c7f653e70f2da2b66,2026-09-26T07:48:20Z,2026-09-26-36227868672
2026-08-31,e10a30d28df6405417b8cb802e4e015fe52e00f85ea1d352122c557968167256,2026-09-26T07:48:20Z,2026-09-26-36227868672
2026-08-31,e180c74db1ae59d7636e45b39014d7fd51ff2b0d0821e497f13556e838fd07b8,2026-09-26T07:48:20Z,2026-09-26-36227868672
2026-08-31,e1b770252f6bd760433de358a184d152e38eeffa63dc3ad850c250a65c317c9a,2026-09-26T07:48:20Z,2026-09-26-36227868672
2026-08-31,e1fa02d09639d8271b6be7e8ecb905af64feebb6f2c9b8d12b7b62c63ad90ab2,2026-09-26T07:48:20Z,2026-09-26-36227868672
2026-08-31,e1fb0c4406ff239ed6c1d7029fad58e2f285a8f8773449aae1c95a3dad9e36c3,2026-09-26T07:48:20Z,2026-09-26-36227868672
2026-08-31,e2c93d7fc684a3dd5531f4ab660a5edad066231d135a7464e8ac92cda4f0a607,2026-09-26T07:48:20Z,2026-09-26-36227868672
2026-08-31,e2cb01c008a81d491bd4d07ec3bf20d4dd28f08c7f78289fe9fd05a07dead5b4,2026-09-26T07:48:20Z,2026-09-26-36227868672
2026-08-31,e2fbe6bb099f89f0562be1abaccd20f5a3553e0f5d8ac40d399522105e5ef625,2026-09-26T07:48:20Z,2026-09-26-36227868672
2026-08-31,e35203e973c4ca7e4e6002fa9af10c5afccabd9ae9ea5c9a6b9fad747b2309ce,2026-09-26T07:48:20Z,2026-09-26-36227868672
2026-08-31,e361030702e4f870e4a10aef4dfb145b54eff131e3a13b8c6b70cd0b859b56cd,2026-09-26T07:48:20Z,2026-09-26-36227868672
2026-08-31,e36182aef364e7bbfe4b3c29d128bbddc232e01fbf0292fedc30faee344d1618,2026-09-26T07:48:20Z,2026-09-26-36227868672
2026-08-31,e3ac30b6e0454bb4ace4a1cae2e2c19608bed4c0db48467d714164138663e3f9,2026-09-26T07:48:20Z,2026-09-26-36227868672
2026-08-31,e3f241c9733863e914ad24b03fbe545d0d9132c6ad9c508458712b07d9d3eec3,2026-09-26T07:48:20Z,2026-09-26-36227868672
2026-08-31,e589e15ed8d54b7a19e97b7345d9c53b7608afb40bcebdd96e720a91a93bd0a0,2026-09-26T07:48:20Z,2026-09-26-36227868672
2026-08-31,e59126cbb4a15dc86d32c0ccdec5bc7fe9802c85ee49eb4bf833e1ae9cb1422f,2026-09-26T07:48:20Z,2026-09-26-36227868672
2026-08-31,e5cd4a0bfbd122776846691679fd57f057e1f1de99debb32efc672747b549125,2026-09-26T07:48:20Z,2026-09-26-36227868672
2026-08-31,e5d540f1ff8e2da68c2af8dfa91af86f4ddb5a4dd31f76c6c4a4276333de8a88,2026-09-26T07:48:20Z,2026-09-26-36227868672
2026-08-31,e5ed121b6b5ca05dd3deb1f0926d4ff53a0a6975fcac30f39df6cc31607852e1,2026-09-26T07:48:20Z,2026-09-26-36227868672
2026-08-31,e65ca8ebec7ea1cb99318d5b832984a77908157bfc21a73adb779e54f1b20558,2026-09-26T07:48:20Z,2026-09-26-36227868672
2026-08-31,e70a9146d4d17c12ca6a776b590f9a14aaca988a6c57630ca6028880935888a7,2026-09-26T07:48:20Z,2026-09-26-36227868672
2026-08-31,e7171e152d9726f06347c06b8475dfde84d2a5942e0b502b0ef4e2b6d7bf4b06,2026-09-26T07:48:20Z,2026-09-26-36227868672
2026-08-31,e84710dbd5b5d0d6014ed4b66a9730b17dd838c4d35caa8a3aa0668199e7e8e4,2026-09-26T07:48:20Z,2026-09-26-36227868672
2026-08-31,e8a459af306b0652487f085b6157782ba885e69f3d93e8041ed0bd8d9fc0e09c,2026-09-26T07:48:20Z,2026-09-26-36227868672
2026-08-31,e8c4f990dd7d67e3b0c60fa85768a14a17c99d7f91a0816aece4edd4df0f203b,2026-09-26T07:48:20Z,2026-09-26-36227868672
2026-08-31,e8e2ab7326d597386a0a0397626231e825470eb0589b8f998d8dc4c3dadac3fb,2026-09-26T07:48:20Z,2026-09-26-36227868672
2026-08-31,e8e9374b3060b8a5ec58579e6b6f105bcf9bf8490103d68c1d877931399ad754,2026-09-26T07:48:20Z,2026-09-26-36227868672
2026-08-31,e91c1768c4a3d36f4d8658650b83dd6b76cfaf844b6bfc7bf2aa2f69b7f1ea85,2026-09-26T07:48:20Z,2026-09-26-36227868672
2026-08-31,e998d218a70f1339670ef884b38c49150acd031b239d5c20d0ed4c4677d7df78,2026-09-26T07:48:20Z,2026-09-26-36227868672
2026-08-31,e9b28173d6f7d6e09646ef6e1965151847695cf060dbad879d83d3fadbfc119b,2026-09-26T07:48:20Z,2026-09-26-36227868672
2026-08-31,ea273bc71167e1fe2ad102ab49416c71f81380ca4ee2ecb2cd51a76dd0edcb73,2026-09-26T07:48:20Z,2026-09-26-36227868672
2026-08-31,ea485d992ec78cc0fe95f5e726e031803936b2a6cd396e2e7e4e8440daf707c4,2026-09-26T07:48:20Z,2026-09-26-36227868672
2026-08-31,eba317de7ef924c3c6f90791bc0b3cd71f3c79167e08e7599703f1d39d8ede22,2026-09-26T07:48:20Z,2026-09-26-36227868672
2026-08-31,ebceb395252bc33f53358c83f4fb5fa2039988d66fd32e972bffb915ded0bbfd,2026-09-26T07:48:20Z,2026-09-26-36227868672
2026-08-31,ec5dcb830c81901a854919a33c57de8777b3169a532ce7c1ebff3bc661e9352c,2026-09-26T07:48:20Z,2026-09-26-36227868672
2026-08-31,ec973ed00099e4b61d98f906f643c5d3488aa185e7321e0102f9e213bf9fb68c,2026-09-26T07:48:20Z,2026-09-26-36227868672
2026-08-31,ecde92e47e179eff32b3881fa1491373b078da637036b0e05a9a6008f9f546f6,2026-09-26T07:48:20Z,2026-09-26-36227868672
2026-08-31,edca112b0846c272063d75243871d0fe0f027f292c82ffc6d3f705b634b0fe5c,2026-09-26T07:48:20Z,2026-09-26-36227868672
2026-08-31,ede5caa1fb0bd609bbdd636cb28daad7fe457d8f6b741bb1fc68a6f9f89c34e0,2026-09-26T07:48:20Z,2026-09-26-36227868672
2026-08-31,ef1ff50a2fa5e47f353165b943013c64bfa39658bfc8a29d84f910bee2a91ad6,2026-09-26T07:48:20Z,2026-09-26-36227868672
2026-08-31,ef51b2c8d803b0eb20008ff0d6a053947e426e91bdfdde568b0d5fddaf76e2f8,2026-09-26T07:48:20Z,2026-09-26-36227868672
2026-08-31,f011dc19645eb5fabea366e4bd29043cdbff4acf220dc66338b3a4c7240b32b3,2026-09-26T07:48:20Z,2026-09-26-36227868672
2026-08-31,f0eb7cf56ad1d9febe1c3dba034d12896499e6a3b9323d333ff7e3eeb02c12fd,2026-09-26T07:48:20Z,2026-09-26-36227868672
2026-08-31,f12b8a74479f978db2f7212f46b2a77b6c7a78f91189ce208cf7b9e2533badb9,2026-09-26T07:48:20Z,2026-09-26-36227868672
2026-08-31,f165044bb76b8bde1b1f3e97682846fa16c593501cbbfb17627638f1c43a4afe,2026-09-26T07:48:20Z,2026-09-26-36227868672
2026-08-31,f1f1f107b92e44bfc9c99f81b601cce9c36d0f440af82d6f35b78d10f894d2a8,2026-09-26T07:48:20Z,2026-09-26-36227868672
2026-08-31,f24811fec5241d89c58df0854e9d1ab0defdcafd436d30b4206a994f3b800dc9,2026-09-26T07:48:20Z,2026-09-26-36227868672
2026-08-31,f24b46c7708060c5883e94e6036413e26e8a54684e54b29f4767c72a1a0b7b5d,2026-09-26T07:48:20Z,2026-09-26-36227868672
2026-08-31,f2969948d11e4042148d974f0c57de9cc85ecc16e8f85806016db2e2dda343fb,2026-09-26T07:48:20Z,2026-09-26-36227868672
2026-08-31,f30c20f11eedf4f21b7fe96836e6936dceda272e149a60b77b029ad2a6afd43c,2026-09-26T07:48:20Z,2026-09-26-36227868672
2026-08-31,f34333db06eac3a94cbf5cd054979ef0bb24cbbe30d88fdf26ba6ebd20cf3a9d,2026-09-26T07:48:20Z,2026-09-26-36227868672
2026-08-31,f3631d88910398b03d6700790fdaf79caea5294432a3ea94df1cf7377df95d29,2026-09-26T07:48:20Z,2026-09-26-36227868672
2026-08-31,f3745767e75af288b5be5feb9620cdd68304651b74b3626314869d14b17902d7,2026-09-26T07:48:20Z,2026-09-26-36227868672
2026-08-31,f3791b696cbd911918e0b2f1c7b830d75e1dcf545ba03ecca517c1fa22d9c06c,2026-09-26T07:48:20Z,2026-09-26-36227868672
2026-08-31,f3f668cd36e0f61c146fd8974b1119d7c37672d0b81a4acbabd0588915daa31a,2026-09-26T07:48:20Z,2026-09-26-36227868672
2026-08-31,f4853e3cd2e3c21451b794eb0b43328bd895acb169eb7e3a901e7b49d70b9573,2026-09-26T07:48:20Z,2026-09-26-36227868672
2026-08-31,f4a7938c7542d1b89020b9d210d360295e2308d7234cf921818812e80dc2df55,2026-09-26T07:48:20Z,2026-09-26-36227868672
2026-08-31,f5146d63c9822544a948d85b5375864fa1fe6a13e0a98a63ce7799247b7f7001,2026-09-26T07:48:20Z,2026-09-26-36227868672
2026-08-31,f57e8106fcc07cce3bc5de9d3983bde3f793580f32fa956d4c86cf1cbed64a4e,2026-09-26T07:48:20Z,2026-09-26-36227868672
2026-08-31,f61d14af0e880de48dfa24fd6cbfe643a7aa5f8288befab1ded6bbf764d31caf,2026-09-26T07:48:20Z,2026-09-26-36227868672
2026-08-31,f682283e654d68830ad1e15796b73419c3baafae85b0d92671de6a0436862339,2026-09-26T07:48:20Z,2026-09-26-36227868672
2026-08-31,f79a4e9c26291e0764ce9ac9f070a8417917f6144cb9cf8c823d1d138f3763d9,2026-09-26T07:48:20Z,2026-09-26-36227868672
2026-08-31,f7a43aa7691e1d35fcadd4a2aacc655dca17c18c8cce09e344b021de2b55e2f6,2026-09-26T07:48:20Z,2026-09-26-36227868672
2026-08-31,f7c88b93cae23b1694b5620a689e1a88fcabf027e5699143457fca84d077a32b,2026-09-26T07:48:20Z,2026-09-26-36227868672
2026-08-31,f83adf6fc8db55215b9f31e01d0380e2a85457f25e7dd4137a6b51d25388abeb,2026-09-26T07:48:20Z,2026-09-26-36227868672
2026-08-31,f8750b19e861a676f56ccd5602b05ffb7af70356466b06d0e84261949ead2c2c,2026-09-26T07:48:20Z,2026-09-26-36227868672
2026-08-31,f88b86f504d8e6333d661c8615b2b2fdf68e52954ffdda24c1ce7b2d670b14fe,2026-09-26T07:48:20Z,2026-09-26-36227868672
2026-08-31,f8c9ebacdb592b3834ea751b3d857ee1249330f90b746b6dd2efcf9091995942,2026-09-26T07:48:20Z,2026-09-26-36227868672
2026-08-31,f8d14384057cab9c449eba058b875b76556592c8009f3e8dd7acc8c4b45ddf35,2026-09-26T07:48:20Z,2026-09-26-36227868672
2026-08-31,f90f2b04faef45ae1d78aa1f9709ce45c9ea0e57faf056166a6dffefc02c7cdb,2026-09-26T07:48:20Z,2026-09-26-36227868672
2026-08-31,f981a3f8b5a4c07753a6a04401c322ccbcb947a93564decb363316670f4d9d7a,2026-09-26T07:48:20Z,2026-09-26-36227868672
2026-08-31,f9924892d53ffad3fa31a97f5e8ecd47ea8aadf82b8a49fae56a7eaa6a975367,2026-09-26T07:48:20Z,2026-09-26-36227868672
2026-08-31,fa5fa9a207f5da02ed36a3c097ffbffa59ebeb1090bf473a0b83935cc13087cc,2026-09-26T07:48:20Z,2026-09-26-36227868672
2026-08-31,fa6b577638355d483d5d33717d04de1a52fa276019236a63dddd8ecbb41328a7,2026-09-26T07:48:20Z,2026-09-26-36227868672
2026-08-31,fa7ff0c6b05a897dd679c79f77b82789d65228e20fe3b789757ec784a9a7875c,2026-09-26T07:48:20Z,2026-09-26-36227868672
2026-08-31,fabaa8974cd8f479e722e35510f821648c9733d6722faa3dfaa6dedb64791199,2026-09-26T07:48:20Z,2026-09-26-36227868672
2026-08-31,facde4033cf8c1aba28e5b5c300123a5834022469fc7babeebda85cb427cd76f,2026-09-26T07:48:20Z,2026-09-26-36227868672
2026-08-31,faf788ffaf33e5c08de2f37d0da447939154f77e752ad141cb9855f38c93069a,2026-09-26T07:48:20Z,2026-09-26-36227868672
2026-08-31,fbe16fbd3de8beb59994d2f7fc36300e38e52687bf551c59bff3bd13e357c69d,2026-09-26T07:48:20Z,2026-09-26-36227868672
2026-08-31,fc52228009bf8fab94af987f72b3faf7c23f4f453dc4426acd1f3080fe775f86,2026-09-26T07:48:20Z,2026-09-26-36227868672
2026-08-31,fc86ec78c4bb6dde7932c29c46c1a1d6d42c312701a5e7440eeb8b8cab8c51b1,2026-09-26T07:48:20Z,2026-09-26-36227868672
2026-08-31,fd43be504b6e2386098cb15422375ae22fe2e2b3ff3ff9b1607919590cb8d18e,2026-09-26T07:48:20Z,2026-09-26-36227868672
2026-08-31,fec1fb654bf9cb095f4b713ac2f195b301b1feb42668fcccd461fbd856c5d984,2026-09-26T07:48:20Z,2026-09-26-36227868672
2026-08-31,ff2dc073facd4ea5d451f8d2b109f12708fe6beb7a7aeeb112b8bf61f57db53f,2026-09-26T07:48:20Z,2026-09-26-36227868672
2026-08-31,ff3bb2d52158c6fa740c02a1468e25d5e281acf158457f0eb105de21feadae34,2026-09-26T07:48:20Z,2026-09-26-36227868672
2026-08-31,ffd6767431a224538fbd6ba6211063c5f20c6cafa2a16a8d1d3e6f5077b1d223,2026-09-26T07:48:20Z,2026-09-26-36227868672
